,Name,Molecular weight,Vapour pressure,Havy atoms,Rotatable bonds
0,LACTIC ACID,90.07799999999999,-1.090,6,1
1,"2,3,6-TRICHLOROBENZOIC ACID",225.45800000000003,-3.260,12,1
2,BENZO(A)PYRENE,252.316,-8.260,20,0
3,COCAINE,303.35799999999995,-6.719,22,3
4,"BENZOIC ACID, 2,3-DICHLORO-",191.013,-3.642,11,1
5,"BENZOIC ACID, 2,3,5-TRICHLORO-",225.458,-3.507,12,1
6,ACETYLSALICYLIC ACID,180.15899999999996,-4.599,13,2
7,MECHLORETHAMINE,156.05599999999998,-0.770,8,4
8,O-ETHYL CARBAMATE (URETHANE),89.09400000000001,-0.582,6,1
9,"DIBENZ(A,H)ANTHRACENE",278.354,-9.020,22,0
10,NICOTINE,162.23600000000002,-1.420,12,1
11,FENTHION,278.335,-4.979,16,5
12,"1,2,3-PROPANETRIOL TRINITRATE",227.08499999999998,-3.398,15,8
13,CARBON TETRACHLORIDE,153.823,2.061,5,0
14,3-METHYLCHOLANTHRENE,268.359,-7.367,21,0
15,GLYCEROL,92.09399999999998,-3.775,6,2
16,GLUTAMIC ACID,147.13000000000002,-7.770,10,4
17,"1,2-PROPANEDIOL",76.095,-0.889,5,1
18,CHLORDANE,409.7819999999999,-5.011,18,0
19,D-XYLOSE,150.13,-9.706,10,0
20,"2,3,4,6-TETRACHLOROPHENOL",231.893,-3.177,11,0
21,"1-PROPANOL, 2,3-DIMERCAPTO-",124.22999999999999,-2.301,6,2
22,"4-(N,N-DIMETHYLAMINO)AZOBENZENE",225.295,-7.155,17,3
23,2-PHENYLETHANOL,122.16699999999997,-1.061,9,2
24,DIETHYL ETHER,74.12299999999999,2.731,5,2
25,LINOLEIC ACID,280.452,-6.061,20,14
26,METHYL HYDRAZINE,46.073,1.699,3,0
27,ACETAMIDE,59.068,-1.398,4,0
28,DIMETHOATE,229.26299999999998,-4.726,12,5
29,AMITROLE,84.082,-6.357,6,0
30,P-PHENACETIN,179.21899999999994,-6.160,13,3
31,ETHYL METHANESULFONATE,124.16099999999999,-0.686,7,2
32,ANILINE,93.12899999999999,-0.310,7,0
33,THIOUREA,76.12400000000001,-2.553,4,0
34,DICHLORVOS,220.976,-1.801,11,4
35,1-NAPHTHYL-N-METHYLCARBAMATE,201.22500000000002,-5.866,15,1
36,ARECOLINE,155.19699999999997,-1.102,11,1
37,ETHANOL,46.069,1.773,3,0
38,FORMIC ACID,46.025000000000006,1.629,3,0
39,DIETHYL SULFATE,154.18699999999998,-0.674,9,4
40,BENZOIC ACID,122.12299999999996,-3.155,9,1
41,URACIL,112.088,-4.331,8,0
42,BARBITURIC ACID,128.087,-7.824,9,0
43,METHANOL,32.042,2.104,2,0
44,O-METHYLHYDROXYLAMINE,47.057,2.464,3,0
45,ACETONE,58.080000000000005,2.365,4,0
46,CHLOROFORM,119.37800000000001,2.294,4,0
47,DIMETHYL SULFOXIDE,78.13600000000001,-0.215,4,0
48,MERCAPTOACETIC ACID,92.119,-1.061,5,1
49,"N,N'-DIMETHYLFORMAMIDE",73.095,0.588,5,1
50,SALICYLIC ACID,138.12199999999999,-4.086,10,1
51,1-PROPANOL,60.096000000000004,1.322,4,1
52,1-BUTANOL,74.12299999999999,0.826,5,2
53,1-PENTANOL,88.14999999999999,0.342,6,3
54,"1,1,1-TRICHLOROETHANE",133.405,2.093,5,0
55,"P,P'-DDD",320.04600000000005,-5.870,18,3
56,"P,P'-DDE",318.03,-5.222,18,2
57,ADENINE,135.13000000000002,-10.351,10,0
58,"N,N'-DIPHENYL-P-BENZENEDIAMINE",260.34000000000003,-8.197,20,4
59,METHYL BROMIDE,94.939,3.210,2,0
60,ETHANE,30.07,4.498,2,0
61,ACETYLENE,26.037999999999997,4.562,2,0
62,METHYL CHLORIDE,50.488,3.633,2,0
63,METHYL IODIDE,141.939,2.607,2,0
64,METHYLAMINE,31.058,3.423,2,0
65,METHANETHIOL,48.11000000000001,3.179,2,0
66,PROPANE,44.096999999999994,3.854,3,0
67,PROPYNE,40.065,3.634,3,0
68,IODOETHANE,155.966,2.134,3,0
69,ACETONITRILE,41.053,1.948,3,0
70,ACETALDEHYDE,44.053,2.955,3,0
71,ETHYL MERCAPTAN,62.137,2.723,3,0
72,DICHLOROMETHANE,84.93299999999999,2.638,3,0
73,METHYLENE IODIDE,267.835,0.079,3,0
74,FORMAMIDE,45.041,-1.215,3,0
75,CYCLOPROPANE,42.080999999999996,3.733,3,0
76,BROMOFORM,252.731,0.732,4,0
77,2-BROMOPROPANE,122.993,2.334,4,0
78,2-METHYLPROPANE,58.123999999999995,3.417,4,0
79,2-PROPANETHIOL,76.164,2.442,4,0
80,"1,1-DICHLOROETHANE",98.96000000000001,2.356,4,0
81,"1,1-DICHLOROETHENE",96.944,2.778,4,0
82,ACETYLCHLORIDE,78.498,2.458,4,0
83,"1,1-DIFLUOROETHANE",66.05,3.658,4,0
84,DICHLOROFLUOROMETHANE,102.92300000000002,3.134,4,0
85,PHOSGENE,98.916,3.152,4,0
86,TRIFLUOROMETHANE,70.013,4.548,4,0
87,TRIMETHYLAMINE,59.111999999999995,3.207,4,0
88,NITROMETHANE,61.040000000000006,1.554,4,0
89,DICHLOROMETHYLSILANE,115.035,2.632,4,0
90,2-METHYLAZIRIDINE,57.096,2.146,4,0
91,PROPYLENE OXIDE,58.08,2.731,4,0
92,BROMOTRIFLUOROMETHANE,148.909,4.086,5,0
93,T-BUTYLAMINE,73.13900000000001,2.571,5,0
94,2-METHYL-2-PROPANETHIOL,90.19099999999999,2.258,5,0
95,"1-CHLORO-1,1-DIFLUOROETHANE",100.495,3.405,5,0
96,CHLOROTRIFLUOROMETHANE,104.45800000000001,4.330,5,0
97,TETRAFLUOROMETHANE,88.00300000000001,5.243,5,0
98,TETRAMETHYLSILANE,88.22599999999998,2.856,5,0
99,CHLOROTRIMETHYLSILANE,108.64399999999999,2.369,5,0
100,DICHLORODIMETHYLSILANE,129.06199999999998,2.158,5,0
101,METHYLTRICHLOROSILANE,149.48,2.223,5,0
102,"2,2-DIMETHYLBUTANE",86.17799999999998,2.504,6,0
103,ACETONE CYANOHYDRIN,85.10600000000001,-0.467,6,0
104,"2,2,2-TRIFLUOROETHANOL",100.039,1.853,6,0
105,TERT-BUTYLHYDROPEROXIDE,90.12199999999999,0.738,6,0
106,VINYLTRICHLOROSILANE,161.49099999999999,1.819,6,1
107,"3,3-DIMETHYL-2-BUTANONE",100.16099999999999,1.498,7,0
108,"2,2-DIMETHYL PROPANOIC ACID",102.133,-0.301,7,0
109,PENTACHLOROETHANE,202.29500000000002,0.544,7,0
110,TRICHLOROACETIC ACID,163.387,-1.222,7,0
111,TRIFLUOROACETIC ACID,114.02200000000002,2.041,7,0
112,TRICHLORONITROMETHANE,164.375,1.377,7,0
113,"1,1,1,2-TETRACHLORO-2,2-DIFLUOROETHANE",203.83,1.778,8,0
114,"1,1,2,2,-TETRACHLORODIFLUOROETHANE",203.83,1.703,8,1
115,"1,1,2-TRICHLOROTRIFLUOROETHANE",187.37500000000003,2.560,8,1
116,"1,2-DICHLOROTETRAFLUOROETHANE",170.92,3.303,8,1
117,CHLOROPENTAFLUOROETHANE,154.465,3.836,8,0
118,HEXAFLUOROETHANE,138.01000000000002,4.400,8,0
119,CAMPHOR,152.23699999999997,-0.187,11,0
120,"2,2,3,3-TETRAFLUOROPROPANOL",132.056,1.167,8,2
121,HEPTACHLOR,373.321,-3.398,17,0
122,BORNYL ACETATE,196.29,-0.642,14,1
123,DICYCLOPENTADIENE,132.206,0.360,10,0
124,3-METHYL-3-PENTANOL,102.17699999999999,0.745,7,2
125,"2,2-DIMETHOXYPROPANE",104.149,2.009,7,2
126,TABUN,162.129,-1.155,10,3
127,CITRIC ACID,192.123,-7.780,13,5
128,"1,1,1-TRIS(HYDROXYMETHYL)PROPANE",134.175,-4.348,9,4
129,TRIETHOXYVINYLSILANE,190.31499999999994,0.358,12,7
130,ETHYL SILICATE,208.32999999999996,0.274,13,8
131,PENTAERYTHRITOL TETRANITRATE,316.13500000000005,-8.264,21,12
132,"PHOSPHONIC ACID, ETHYL-, DIETHYL ESTER",166.15699999999998,-1.140,10,5
133,ISOPHORONE,138.20999999999998,-0.359,10,0
134,DIMETHYL DIETHOXYSILANE,148.278,1.301,9,4
135,"2,2'-AZOBIS(2-METHYLPROPIONITRILE)",164.212,-2.174,12,2
136,LINALOOL,154.253,-0.796,11,4
137,"1,2-DIBROMOPROPANE",201.88899999999998,0.894,5,1
138,2-BROMOBUTANE,137.02,1.756,5,1
139,ISOPENTANE,72.151,2.838,5,1
140,ISOBUTYLAMINE,73.139,2.140,5,1
141,2-METHYLPROPANENITRILE,69.107,1.515,5,0
142,ISOBUTYL ALCOHOL,74.123,1.021,5,1
143,ISOBUTYRALDEHYDE,72.107,2.238,5,1
144,METHACROLEIN,70.091,2.190,5,1
145,"1,2-DICHLOROPROPANE",112.987,1.727,5,1
146,"2,3-DICHLOROPROPENE",110.971,1.787,5,1
147,"1,2-DIAMINOPROPANE",74.127,1.025,5,1
148,2-BUTANOL,74.123,1.262,5,1
149,"1,1,2-TRICHLOROETHANE",133.405,1.362,5,1
150,TRICHLOROETHENE,131.389,1.839,5,0
151,DICHLOROACETALDEHYDE,112.943,1.744,5,1
152,CHLOROACETYLCHLORIDE,112.94300000000001,1.401,5,1
153,PROPRIONAMIDE,73.09499999999998,-1.423,5,1
154,ACRYLAMIDE,71.07900000000001,-2.155,5,1
155,BROMOACETIC ACID,138.948,-0.924,5,1
156,PROPIONIC ACID,74.07900000000001,0.548,5,1
157,ACRYLIC ACID,72.06300000000002,0.599,5,1
158,CHLOROACETIC ACID,94.49700000000001,-1.187,5,1
159,METHYL ACETATE,74.07900000000001,2.334,5,0
160,PEROXYACETIC ACID,76.05099999999999,1.161,5,0
161,NITROETHANE,75.067,1.318,5,1
162,"1,1,2,2-TETRABROMOETHANE",345.654,-1.699,6,1
163,"2,3-DIMETHYLBUTANE",86.17799999999998,2.371,6,1
164,ISOBUTYRIC ACID,88.10599999999998,0.258,6,1
165,"1,1,2,2-TETRACHLOROETHANE",167.85000000000002,0.665,6,1
166,DICHLOROACETYL CHLORIDE,147.388,1.362,6,1
167,CHLOROTRIFLUOROETHYLENE,116.46900000000001,3.662,6,0
168,METHACRYLAMIDE,85.106,-1.071,6,1
169,METHACRYLIC ACID,86.08999999999999,-0.004,6,1
170,DICHLOROACETIC ACID,128.942,-0.747,6,1
171,DIMETHYLCARBAMYL CHLORIDE,107.53999999999999,0.290,6,0
172,2-NITROPROPANE,89.094,1.236,6,1
173,CAMPHENE,136.23799999999997,0.400,10,0
174,CUMENE HYDROPEROXIDE,152.19299999999998,-2.485,11,2
175,P-TERT-AMYLPHENOL,164.24799999999996,-2.699,12,2
176,ALPHA-PINENE,136.23799999999997,0.677,10,0
177,TIGLIC ACID,100.11699999999999,-0.876,7,1
178,C.I. VAT BLUE 4,442.43000000000023,-17.699,34,0
179,1-NITROANTHRAQUINONE,253.21299999999997,-8.398,19,1
180,DISPERSE RED 9,237.258,-8.155,18,1
181,"1-METHOXY-9,10-ANTHRAQUINONE",238.242,-6.559,18,1
182,1-AMINOANTHRAQUINONE,223.231,-8.301,17,0
183,ACENAPHTHENE,154.212,-2.668,12,0
184,3-METHYLINDOLE,131.17799999999997,-2.256,10,0
185,"1,2-DIMETHYL-3-NITROBENZENE",151.165,-0.445,11,1
186,DICYCLOHEXYL PHTHALATE,330.42400000000015,-6.061,24,4
187,BUTYLCYCLOHEXYL PHTHALATE,304.38600000000014,-5.321,22,6
188,ANTHRAQUINONE,208.21599999999998,-6.936,16,0
189,DIETHYL PHTHALATE,222.23999999999995,-2.678,16,4
190,DIBUTYL PHTHALATE,278.34799999999996,-4.697,20,8
191,DIHEXYL PHTHALATE,334.45600000000013,-4.854,24,12
192,BENZO(F)QUINOLINE,179.22199999999998,-4.252,14,0
193,BUTYL BENZYL PHTHALATE,312.365,-5.084,23,7
194,1-NAPTHOIC ACID,172.183,-5.054,13,1
195,1-NITRONAPHTHALENE,173.171,-3.319,13,1
196,9H-FLUORENE,166.22299999999998,-3.222,13,0
197,CARBAZOLE,167.21099999999998,-6.125,13,0
198,PHTHALIDE,134.134,-2.699,10,0
199,"2,3-DIMETHYLANILINE",121.18299999999998,-1.125,9,0
200,"1,2,3-TRICHLOROBENZENE",181.449,-0.678,9,0
201,"2,6-DIMETHYLANILINE",121.18299999999996,-0.886,9,0
202,"2,6-DICHLOROPHENOL",163.003,-1.481,9,0
203,"1,2,3-TRIHYDROXYBENZENE",126.11099999999995,-3.320,9,0
204,HEXAMETHYLBENZENE,162.27599999999998,-3.066,12,0
205,PENTACHLOROPHENOL,266.33799999999997,-3.959,12,0
206,"2,4,6-TRICHLOROPHENOL",197.44799999999998,-2.097,10,0
207,2-ETHYLBUTYRIC ACID,116.16,-0.726,8,3
208,CHLORO(TRIFLUOROMETHYL)BENZENE,180.556,0.706,11,0
209,O-T-BUTYLPHENOL,150.22099999999998,-1.046,11,0
210,2-NITROTOLUENE,137.13799999999998,-0.726,10,1
211,2-CHLORO-1-NITROBENZENE,157.55599999999995,-1.740,10,1
212,2-NITROPHENOL,139.10999999999999,-0.947,10,1
213,"2,4,6-TRINITROPHENOL",229.10399999999998,-6.125,16,3
214,O-PHTHALIC ACID,166.13199999999998,-6.197,12,2
215,MENTHOL,156.26899999999998,-0.959,11,1
216,PULEGONE,152.23699999999997,-0.910,11,0
217,THYMOL,150.22099999999998,-2.658,11,1
218,4-NITRO-M-XYLENE,151.165,-1.242,11,1
219,O-ETHYLPHENOL,122.16699999999999,-0.815,9,1
220,2-METHOXYANILINE,123.15499999999997,-1.097,9,1
221,2-METHOXYPHENOL,124.13899999999997,-0.987,9,1
222,1-METHYLNAPHTHALENE,142.201,-1.174,11,0
223,1-CHLORONAPHTHALENE,162.61899999999997,-1.538,11,0
224,1-NAPHTHOL,144.17299999999997,-3.562,11,0
225,2-PHENYLPHENOL,170.21099999999998,-2.699,13,1
226,"TOLUENE-2,6-DIISOCYANATE",174.15899999999996,-1.680,13,2
227,"1,2-DIMETHOXYBENZENE",138.16599999999997,-0.328,10,2
228,DECAHYDRONAPHTHALENE,138.25400000000002,0.362,10,0
229,NAPHTHALENE,128.17399999999998,-1.071,10,0
230,QUINOLINE,129.16199999999998,-1.222,10,0
231,2-NITROANISOLE,153.13699999999997,-2.444,11,2
232,"2,4-DIMETHOXYBENZOIC ACID",182.17499999999995,-2.453,13,3
233,2-METHYLNAPHTHALENE,142.20099999999996,-1.260,11,0
234,2-CHLORONAPHTHALENE,162.61899999999997,-1.914,11,0
235,2-NAPHTHYLAMINE,143.18899999999996,-3.592,11,0
236,6-METHYLQUINOLINE,143.189,-2.193,11,0
237,2-METHYLQUINOLINE,143.189,-2.024,11,0
238,COUMARIN,146.14499999999998,-3.009,11,0
239,"N,N-DIETHYLANILINE",149.237,-0.866,11,3
240,M-TERPHENYL,230.31000000000003,-4.757,18,2
241,TETRACENE,228.29400000000004,-8.604,18,0
242,DICYCLOHEXYL,166.30799999999996,-0.967,12,1
243,BIPHENYL,154.212,-2.049,12,1
244,1-PHENYLPIPERAZINE,162.23599999999996,-2.264,12,1
245,"1,1':4',1''-TERPHENYL",230.31,-7.000,18,2
246,"3,4-DIMETHOXYBENZOIC ACID",182.17499999999995,-3.607,13,3
247,1-(2-NAPHTHALENYL)ETHANONE,170.21099999999998,-3.214,13,1
248,2-NAPHTHOIC ACID,172.183,-5.178,13,1
249,METHYLEUGENOL,178.231,-1.921,13,4
250,EUGENYL ACETATE,206.24099999999996,-2.496,15,4
251,"(1,2-DIBROMOETHYL)BENZENE",263.96,-1.975,10,2
252,"BENZENEACETALDEHYDE, .ALPHA.-METHYL-",134.17799999999997,-0.569,10,2
253,PROPIOPHENONE,134.17799999999997,-0.770,10,2
254,"BENZOIC ACID, METHYL ESTER",136.14999999999998,-0.420,10,1
255,"2,4,5-T, N-BUTYL ESTER",311.59200000000004,-4.824,18,6
256,ETHYL BENZOATE,150.177,-0.573,11,2
257,"BENZOIC ACID, ANHYDRIDE",226.231,-3.928,17,2
258,ETHYL BENZOYLACETATE,192.21399999999994,-3.389,14,4
259,"1-BUTANOL, 3-METHYL-, BENZOATE",192.25799999999998,-0.848,14,4
260,2-METHYL-4-CHLOROPHENOXYACETIC ACID,200.62099999999998,-5.229,13,3
261,"2,4-D, BUTYL ESTER",277.147,-4.210,17,6
262,"2,4-DICHLOROBENZYLCHLORIDE",195.476,-1.485,10,1
263,INDENE,116.16299999999997,0.041,9,0
264,BENZO(B)THIOPHENE,134.203,-0.623,9,0
265,O-BROMOTOLUENE,171.037,0.017,8,0
266,O-CRESOL,108.13999999999997,-0.524,8,0
267,2-CHLOROTOLUENE,126.58599999999997,0.535,8,0
268,O-TOLUIDINE,107.15599999999998,-0.585,8,0
269,"1,2-BENZENEDIAMINE",108.14399999999998,-2.686,8,0
270,"3,4-DIMETHYLPHENOL",122.16699999999996,-1.449,9,0
271,"2,4-DIMETHYLANILINE",121.18299999999998,-0.876,9,0
272,"2,4-DICHLOROTOLUENE",161.031,-0.339,9,0
273,"3,4-DICHLOROTOLUENE",161.031,-0.502,9,0
274,"3,4-DICHLOROANILINE",162.019,-2.199,9,0
275,"2,4-TOLUENEDIAMINE",122.17099999999999,-3.770,9,0
276,"2,5-DIMETHYLPHENOL",122.16699999999997,-0.807,9,0
277,ETHYL OXALATE,146.142,-0.383,10,2
278,"1,2,4,5-TETRACHLOROBENZENE",215.894,-2.268,10,0
279,"2,4,5-TRICHLOROPHENOL",197.448,-2.125,10,0
280,"2,3-DIBROMO-1-PROPANOL",217.88799999999998,-1.037,6,2
281,3-METHYLPENTANE,86.178,2.279,6,2
282,"1,2,3-TRICHLOROPROPANE",147.43200000000002,0.567,6,2
283,METHYL ACRYLATE,86.09,1.938,6,1
284,METHYL CHLOROACETATE,108.52399999999999,0.883,6,1
285,METHYLCYCLOPENTANE,84.162,2.140,6,0
286,CYCLOPENTANOL,86.134,0.396,6,0
287,2-CHLOROTHIOPHENE,118.588,1.377,6,0
288,2-METHYLTETRAHYDROFURAN,86.134,1.988,6,0
289,GAMMA-BUTYROLACTONE,86.09,-0.347,6,0
290,"1,3-DIOXOLAN-2-ONE",88.062,-2.009,6,0
291,N-METHYLPYRROLE,81.118,1.330,6,0
292,SOMAN,182.17499999999998,-0.398,11,2
293,2-(T-BUTYL)-4-ETHYLPHENOL,178.27499999999995,-1.745,13,1
294,DICHLOFENTHION,315.158,-3.252,17,6
295,EUGENOL,164.20399999999995,-1.646,12,3
296,2-METHOXY-4-(1-PROPENYL)PHENOL,164.20399999999998,-1.921,12,2
297,O-AMINOAZOTOLUENE,225.295,-6.125,17,2
298,ETHYL ISOBUTYRATE,116.16,1.405,8,2
299,ETHYL METHACRYLATE,114.14399999999999,1.314,8,2
300,ETHYL LACTATE,118.13199999999999,0.574,8,2
301,ISOBUTYL ISOBUTYRATE,144.21399999999997,0.636,10,3
302,"METHACRYLIC ACID, I-BUTYL ESTER",142.19799999999998,0.560,10,3
303,"METHACRYLIC ACID, N-BUTYL ESTER",142.198,0.326,10,4
304,TETRAHYDROFURFURYL ALCOHOL,102.133,-0.096,7,1
305,FUFURAL,96.08499999999998,0.344,7,1
306,T-BUTYLBENZENE,134.222,0.342,10,0
307,BENZOTRICHLORIDE,195.47600000000003,-0.383,10,0
308,PHENYLTRICHLOROSILANE,211.55100000000002,-0.371,10,1
309,4-(T-BUTYL)-2-CRESOL,164.24799999999996,-1.550,12,0
310,M-TRIFLUOROMETHYLNITROBENZENE,191.10799999999998,-0.587,13,1
311,P-T-BUTYLYPHENOL,150.22099999999998,-1.419,11,0
312,4-(TRIFLUOROMETHYL)CHLOROBENZENE,180.55599999999998,0.883,11,0
313,ALPHA-METHYLSTYRENE,118.17899999999996,0.279,9,1
314,ACETOPHENONE,120.15099999999997,-0.401,9,1
315,(DICHLOROMETHYL)BENZENE,161.031,-0.328,9,1
316,BENZOYL CHLORIDE,140.569,-0.155,9,1
317,M-TOLUIC ACID,136.14999999999998,-3.627,10,1
318,3-NITROTOLUENE,137.138,-0.688,10,1
319,3-NITROANILINE,138.12599999999995,-4.020,10,1
320,"1,3,5-TRINITROBENZENE",213.105,-5.191,15,3
321,ALPHA-CHLORO-M-NITROACETOPHENONE,199.593,-5.060,13,3
322,"1,2-DIMETHYL-4-NITROBENZENE",151.165,-2.445,11,1
323,"3,4-DICHLORONITROBENZENE",192.00099999999998,-1.987,11,1
324,M-NITROBENZALDEHYDE,151.12099999999998,-2.140,11,2
325,"1,3-DIISOPROPYLBENZENE",162.27599999999998,-0.406,12,2
326,"1,3-DINITROBENZENE",168.10799999999995,-3.046,12,2
327,P-(SEC-BUTYL)PHENOL,150.221,-1.429,11,2
328,P-MENTHANE,140.26999999999998,0.430,10,1
329,ALPHA-PHELLANDRENE,136.238,0.146,10,1
330,P-CYMENE,134.22199999999998,0.164,10,1
331,P-ISOPROPYLANILINE,135.20999999999998,-1.078,10,1
332,P-TOLUIC ACID,136.14999999999998,-4.294,10,1
333,"N,N,4-TRIMETHYLANILINE",135.20999999999995,-0.750,10,1
334,P-NITROTOLUENE,137.13799999999998,-1.804,10,1
335,P-CHLORONITROBENZENE,157.55599999999998,-1.660,10,1
336,P-METHOXYACETOPHENONE,150.17699999999996,-2.191,11,2
337,"P-FORMYL-N,N-DIMETHYLANILINE",149.19299999999996,-2.434,11,2
338,2-(DIETHYLAMINO)-ETHANOL,117.192,0.146,8,4
339,ALPHA-BROMOTOLUENE,171.037,-0.347,8,1
340,4-VINYLCYCLOHEXENE,108.18399999999998,1.196,8,1
341,STYRENE,104.15199999999997,0.806,8,1
342,4-VINYLPYRIDINE,105.13999999999997,0.230,8,1
343,ALPHA-CHLOROTOLUENE,126.58599999999996,0.090,8,1
344,BENZONITRILE,103.12399999999997,-0.115,8,0
345,BENZYL ALCOHOL,108.13999999999997,-1.027,8,1
346,N-METHYLANILINE,107.15599999999999,-0.344,8,1
347,PHENYL HYDRAZINE,108.14399999999998,-1.585,8,1
348,ANISOLE,108.13999999999997,0.549,8,1
349,QUINUCLIDINE,111.188,0.281,8,0
350,DIOXOLANE,132.15900000000002,2.029,9,1
351,M-METHYLSTYRENE,118.17899999999997,0.230,9,1
352,HEXAMETHYLENETETRAMINE,140.19,-2.398,10,0
353,BARBAN,258.104,-6.420,16,2
354,"2-PROPENAL, 2-METHYL-3-PHENYL-",146.18899999999996,-1.824,11,2
355,FENURON,164.208,-4.426,12,1
356,4-AMINODIPHENYLAMINE,184.242,-4.917,14,2
357,DIPHENYL METHANE DIISOCYANATE,250.25699999999995,-5.301,19,4
358,DICYCLOHEXYLAMINE,181.32299999999998,-1.471,13,2
359,DIPHENYL ETHER,170.21099999999998,-1.648,13,2
360,ACETOACETANILIDE,177.203,-4.280,13,3
361,"DIPHENYLUREA, SYM",212.252,-5.123,16,2
362,"CARBONIC ACID, DIPHENYL ESTER",214.22000000000003,-3.824,16,2
363,TRIACETIN,218.20499999999996,-2.606,15,5
364,"MORPHOLINE, 4-(2-BENZOTHIAZOLYLTHIO)-",252.36399999999995,-5.476,16,2
365,TRI N-BUTYLAMINE,185.355,-1.030,13,9
366,1-CYCLOHEXYLAMINO-2-PROPANOL,157.25699999999995,-1.801,11,3
367,2-ETHYLHEXYLACETATE,172.26799999999997,-0.638,12,6
368,"CINNAMIC ACID, METHYL ESTER",162.188,-1.462,12,2
369,BIBENZYL,182.266,-2.138,14,3
370,STILBENE (TRANS),180.25,-3.055,14,2
371,AZOBENZENE,182.226,-3.442,14,2
372,BENZYL CINNAMATE,238.28600000000003,-5.000,18,4
373,DIBENZYL AMINE,197.281,-3.102,15,4
374,DIBENZYL ETHER,198.265,-2.987,15,4
375,N-PROPYLBENZENE,120.19499999999998,0.534,9,2
376,FORMANILIDE,121.13899999999995,-2.447,9,2
377,PHENYLISOTHIOCYANATE,135.19099999999997,0.176,9,1
378,ETHOXYBENZENE,122.16699999999996,0.185,9,2
379,PHENYLACETIC ACID,136.14999999999998,-2.420,10,2
380,ACETANILIDE,135.16599999999997,-3.699,10,1
381,1-CHLORO-4-ISOCYANATOBENZENE,153.56799999999998,-0.712,10,1
382,P-NONYLPHENOL,220.35600000000002,-3.087,16,8
383,N-BUTYLBENZENE,134.22199999999998,0.025,10,3
384,CINNAMYL ALCOHOL,134.17799999999997,-1.620,10,2
385,1-PHENYLDECANE,218.38399999999993,-2.893,16,9
386,2-ETHYLHEXYLAMINE,129.24699999999999,0.146,9,5
387,2-ETHYL-1-HEXANOL,130.23099999999997,-0.866,9,5
388,P-(CHLOROMETHYL)TOLUENE,140.613,-0.527,9,1
389,4-METHYLBENZONITRILE,117.15099999999997,-0.504,9,0
390,P-TOLUALDEHYDE,120.15099999999998,-0.602,9,1
391,5-ETHYL-2-METHYLPYRIDINE,121.18299999999998,0.155,9,1
392,4-BROMOANISOLE,187.03599999999997,-0.693,9,1
393,P-DIETHYLBENZENE,134.22199999999998,0.025,10,2
394,2-METHYL-1-PENTANOL,102.17699999999999,0.283,7,3
395,METHYL CYANOACETATE,99.089,-0.860,7,1
396,ETHYL PROPIONATE,102.133,1.555,7,2
397,METHYL ACETOACETATE,116.11599999999999,-0.050,8,2
398,ISOPROPYL CHLOROACETATE,136.57799999999997,0.613,8,2
399,DIETHYL MALONATE,160.16899999999998,-0.570,11,4
400,ETHYL CYANOACETATE,113.116,-1.411,8,2
401,"1,1-DIETHOXYETHANE",118.176,1.441,8,4
402,DIETHYL CARBONATE,118.132,1.033,8,2
403,N-METHYLDIETHANOLAMINE,119.16399999999999,-3.699,8,4
404,CAPROLACTAM,113.16000000000001,-2.796,8,0
405,N-PROPYLBUTYRATE,130.18699999999998,0.775,9,4
406,DIBUTYL MALEATE,228.28799999999993,-3.206,16,8
407,GERANIOL ACETATE,196.28999999999996,-1.481,14,5
408,"3,7-DIMETHYL-6-OCTEN-1-OL",156.269,-1.356,11,5
409,GERANIOL,154.253,-1.523,11,4
410,"2,6-OCTADIEN-1-OL, 3,7-DIMETHYL-, (Z)-",154.253,-1.523,11,4
411,ETHYL HEPTANOATE,158.24099999999996,-0.167,11,6
412,BUTYRIC ANHYDRIDE,158.19699999999997,-0.548,11,4
413,N-PROPYLPROPIONATE,116.16,1.143,8,3
414,"1,4-DIBROMOBENZENE",235.90599999999998,-1.240,8,0
415,P-BROMOTOLUENE,171.03699999999998,0.061,8,0
416,P-BROMOPHENOL,173.009,-1.932,8,0
417,P-XYLENE,106.16799999999999,0.946,8,0
418,P-CHLOROTOLUENE,126.586,0.430,8,0
419,P-CRESOL,108.13999999999999,-0.959,8,0
420,4-METHYLBENZENETHIOL,124.20799999999998,-0.190,8,0
421,4-CHLOROPHENOL,128.558,-1.051,8,0
422,"2,5-CYCLOHEXADIENE-1,4-DIONE",108.09599999999999,-1.046,8,0
423,"2,5-DIMETHYLPIPERAZINE",114.19199999999998,0.423,8,0
424,ISOBUTYL ACRYLATE,128.17099999999996,0.907,9,3
425,DIMETHYL SUCCINATE,146.142,-0.387,10,3
426,4-METHYL-2-ETHYL-1-PENTANOL,130.23099999999997,-0.625,9,4
427,METHYL HEXANOATE,130.18699999999998,0.571,9,4
428,DIETHLYLENE GLYCOL BIS CHLOROFORMATE,231.03099999999998,-2.830,13,6
429,"1,2-BUTYLENEOXIDE",72.107,2.255,5,1
430,"1-CHLORO-2,3-EPOXYPROPANE",92.525,1.215,5,1
431,"1,2-DIBROMOETHANE",187.862,1.049,4,1
432,N-BUTANE,58.123999999999995,3.260,4,1
433,1-BUTYNE,54.092,3.149,4,0
434,1-BROMO-2-CHLOROETHANE,143.411,1.520,4,1
435,3-CHLOROPROPYLENE,76.526,2.566,4,1
436,"1,2-DICHLOROETHANE",98.96000000000001,1.897,4,1
437,1-IODOPROPANE,169.993,1.634,4,1
438,PROPYLAMINE,59.11199999999999,2.491,4,1
439,ALLYLAMINE,57.096,2.384,4,1
440,PROPIONITRILE,55.07999999999999,1.676,4,0
441,ACRYLONITRILE,53.06399999999999,2.037,4,0
442,"1,2-DIAMINOETHANE",60.09999999999999,1.079,4,1
443,ALLYL ALCOHOL,58.08,1.417,4,1
444,PROPARGYL ALCOHOL,56.064,1.193,4,0
445,CHLOROACETALDEHYDE,78.49799999999999,1.808,4,1
446,ETHYLENE GLYCOL,62.068000000000005,-1.036,4,1
447,GLYOXAL,58.036,2.407,4,1
448,ALLYTRICHLOROSILANE,175.518,1.246,7,2
449,"2,4,4-TRIMETHYL-1-PENTENE",112.21599999999998,1.650,8,1
450,"2-METHYL-2,4-PENTANEDIOL",118.17599999999997,-1.886,8,2
451,SARIN,140.094,0.456,8,2
452,HEXAMETHYLDISILOXANE,162.381,1.624,9,2
453,TETRAETHYL PYROPHOSPHATE,290.18899999999996,-3.585,17,10
454,TETRADECAMETHYLCYCLOHEPTASILOXANE,519.0850000000003,-1.951,28,0
455,OCTAMETHYLTRISILOXANE,236.53599999999997,0.524,13,4
456,TETRADECAMETHYLHEXASILOXANE,459.0010000000002,-1.532,25,10
457,2-BROMOPENTANE,151.047,1.328,6,2
458,1-BROMO-3-METHYLBUTANE,151.047,1.539,6,2
459,2-METHYLPENTANE,86.178,2.324,6,2
460,2-PENTANONE,86.13399999999999,1.549,6,2
461,BUTYRIC ACID,88.106,0.217,6,2
462,CROTONIC ACID,86.09,-0.595,6,1
463,3-MERCAPTOPROPIONIC ACID,106.146,-1.303,6,2
464,1-METHOXY-2-PROPANOL,90.12199999999999,1.097,6,2
465,1-NITROPROPANE,89.094,1.004,6,2
466,"2,4-DIMETHYLPENTANE",100.20499999999998,1.900,7,2
467,4-METHYL-2-PENTANONE,100.16099999999999,1.299,7,2
468,4-METHYL-2-PENTANOL,102.17699999999999,0.724,7,2
469,DI-ISOPROPYL ETHER,102.17699999999999,2.173,7,2
470,ISOPROPYL CHLOROFORMATE,122.55099999999999,1.568,7,1
471,ACETIC ANHYDRIDE,102.08899999999998,0.708,7,0
472,GAMMA-VALEROLACTONE,100.117,-0.413,7,0
473,SUCCINIC ANHYDRIDE,100.073,-2.824,7,0
474,MALEIC ANHYDRIDE,98.05699999999999,-0.602,7,0
475,PROPYLENE CARBONATE,102.08899999999998,-1.347,7,0
476,M-DIBROMOBENZENE,235.90599999999998,-0.570,8,0
477,3-METHYLBENZENETHIOL,124.20799999999998,-0.257,8,0
478,M-CHLOROTOLUENE,126.586,0.566,8,0
479,3-CHLOROANILINE,127.57399999999998,-1.180,8,0
480,3-CHLOROPHENOL,128.55799999999996,-0.903,8,0
481,M-TOLUIDINE,107.15599999999998,-0.519,8,0
482,"1,3-BENZENEDIAMINE",108.144,-2.680,8,0
483,RESORCINOL,110.11199999999998,-3.311,8,0
484,"2,4-DIMETHYLPYRIDINE",107.15599999999998,0.501,8,0
485,"2,6-LUTIDINE",107.15599999999998,0.752,8,0
486,GLUTARIC ANHYDRIDE,114.1,-2.523,8,0
487,"PROPANEDIOIC ACID, DIMETHYL ESTER",132.11499999999998,-0.046,9,2
488,ETHYL ISOVALERATE,130.18699999999998,0.919,9,3
489,PROPYLENE GLYCOL ME ETHER ACETATE,132.159,0.593,9,3
490,"1,3,5-TRIMETHYLBENZENE",120.19499999999998,0.394,9,0
491,"3,5-DIMETHYLPHENOL",122.16699999999999,-1.393,9,0
492,"1,3,5-TRICHLOROBENZENE",181.44899999999998,-0.620,9,0
493,"2,4,6-COLLIDINE",121.18299999999998,0.299,9,0
494,"2,6-DIMETHYL-4-HEPTANOL",144.25799999999995,-0.519,10,4
495,"2,6-DIMETHYL-4-HEPTANONE",142.242,0.217,10,4
496,1-METHYLCYCLOHEXANE,98.18900000000001,1.663,7,0
497,TOLUENE,92.14099999999999,1.453,7,0
498,4-METHYLPYRIDINE,93.12899999999999,0.761,7,0
499,CHLOROBENZENE,112.55899999999997,1.079,7,0
500,CYCLOHEXANAMINE,99.177,1.004,7,0
501,CYCLOHEXANOL,100.161,-0.097,7,0
502,PHENOL,94.11299999999999,-0.456,7,0
503,THIOPHENOL,110.18099999999997,0.286,7,0
504,2-BROMOPYRIDINE,157.998,-0.114,7,0
505,2-METHYLPIPERIDINE,99.177,1.286,7,0
506,2-METHYLPYRIDINE,93.12899999999998,1.049,7,0
507,2-METHYLPYRAZINE,94.11699999999999,0.906,7,0
508,2-CHLOROPYRIDINE,113.547,0.338,7,0
509,N-BUTYLBUTYRATE,144.214,0.258,10,5
510,DIBUTYL SEBACATE,314.46600000000007,-5.329,22,15
511,1-HEXEN-5-ONE,98.14499999999998,1.021,7,3
512,PENTANOIC ACID,102.133,-0.708,7,3
513,N-PROPYL ACETATE,102.13300000000001,1.555,7,2
514,"CARBONOCHLORIDIC ACID, PROPYL ESTER",122.551,1.301,7,2
515,1-BROMOBUTANE,137.02,1.623,5,2
516,N-PENTANE,72.151,2.711,5,2
517,1-PENTENE,70.13499999999999,2.803,5,2
518,2-PENTENE,70.135,2.723,5,1
519,N-BUTYLAMINE,73.139,1.968,5,2
520,BUTYRONITRILE,69.107,1.290,5,1
521,MALONONITRILE,66.063,-0.699,5,0
522,ETHYLENE CYANOHYDRIN,71.079,-1.096,5,1
523,BUTANETHIOL,90.191,1.658,5,2
524,2-(METHYLAMINO)ETHANOL,75.111,0.033,5,2
525,2-METHOXYETHANOL,76.095,0.978,5,2
526,DIETHYLAMINE,73.139,2.375,5,2
527,ETHYL VINYL ETHER,72.107,2.708,5,2
528,ETHYL FORMATE,74.07900000000001,2.389,5,2
529,PYRROLE,67.09100000000001,0.922,5,0
530,TETRAHYDROFURAN,72.107,2.210,5,0
531,FURAN,68.07499999999999,2.778,5,0
532,TETRAHYDROTHIOPHENE,88.175,1.265,5,0
533,THIOPHENE,84.14299999999999,1.901,5,0
534,5-METHYL-2-HEXANONE,114.18799999999999,0.761,8,3
535,BUTANEDIOC ACID,118.08799999999998,-6.719,8,3
536,MALEIC ACID,116.07199999999999,-4.445,8,2
537,FUMARIC ACID,116.07199999999997,-3.812,8,2
538,ISOPROPYL MYRISTATE,270.4569999999999,-4.029,19,13
539,DIHEXYL ADIPATE,314.46600000000007,-5.541,22,15
540,DIETHYL SEBACATE,258.3579999999999,-3.294,18,11
541,METHYL DECANOATE,186.29499999999996,-1.432,13,8
542,2-HEPTANONE,114.18799999999999,0.587,8,4
543,ISOAMYL FORMATE,116.15999999999998,1.185,8,4
544,"1,4-DIBROMOBUTANE",215.916,-0.210,6,3
545,1-BROMOPENTANE,151.047,1.100,6,3
546,N-HEXANE,86.178,2.179,6,3
547,"1,4-DICHLOROBUTANE",127.01400000000001,0.616,6,3
548,N-PENTYLAMINE,87.16600000000001,1.477,6,3
549,VALERONITRILE,83.134,0.863,6,2
550,SUCCINONITRILE,80.09,-2.109,6,1
551,"1,4-BUTANEDIOL",90.122,-1.979,6,3
552,"2-BUTYNE-1,4-DIOL",86.08999999999999,-3.255,6,0
553,1-PENTANETHIOL,104.21799999999999,1.140,6,3
554,2-ETHOXYETHANOL,90.122,0.725,6,3
555,DIETHYL DISULFIDE,122.258,0.631,6,3
556,CYCLOHEXENE,82.146,1.949,6,0
557,PYRIDINE,79.10199999999999,1.318,6,0
558,"1,3,5-TRIOXANE",90.078,1.243,6,0
559,PIPERIDINE,85.15,1.507,6,0
560,MORPHOLINE,87.122,1.004,6,0
561,PENTANEDIOC ACID,132.11499999999998,-5.541,9,4
562,DIISOBUTYLAMINE,129.24699999999999,0.862,9,4
563,DIISOPROPANOLAMINE,133.191,-3.903,9,4
564,HEPTANOIC ACID,130.187,-1.971,9,5
565,ETHOXYETHYLACETATE,132.15900000000002,0.369,9,4
566,PIMELIC ACID,160.169,-7.046,11,6
567,DECANEDIOIC ACID,202.24999999999997,-7.256,14,9
568,N-HEXYLAMINE,101.19300000000001,0.954,7,4
569,1-HEXANOL,102.17699999999999,-0.032,7,4
570,1-HEXANETHIOL,118.245,0.623,7,4
571,BUTYL VINYL ETHER,100.161,1.691,7,4
572,BUTYL ISOCYANATE,99.13299999999998,1.246,7,3
573,DIETHYLENETRIAMINE,103.16900000000003,-0.635,7,4
574,DIETHANOLAMINE,105.137,-3.553,7,4
575,DI(N-PROPYL) ETHER,102.17699999999999,1.796,7,4
576,BIS(2-CHLOROETHYL) ETHER,143.013,0.190,7,4
577,DIETHYLENE GLYCOL,106.121,-2.244,7,4
578,"2,2'-THIOBISETHANOL",122.189,-2.491,7,4
579,HEXAMETHYLENEIMINE,99.177,0.908,7,0
580,ETHYL STEARATE,312.538,-5.587,22,17
581,HEPTYLAMINE,115.22000000000001,0.438,8,5
582,1-HEPTANOL,116.204,-0.666,8,5
583,HEPTANAL,114.18799999999999,0.547,8,5
584,2-BUTOXYETHANOL,118.176,-0.056,8,5
585,DIETHYLENE GLYCOL MONOMETHYL ETHER,120.14799999999998,-0.602,8,5
586,"CYCLOOCTA-1,5-DIENE",108.18399999999998,0.695,8,0
587,METHYL LAURATE,214.34899999999993,-2.386,15,10
588,1-BROMOOCTANE,193.12799999999996,-0.418,9,6
589,N-OCTYLAMINE,129.247,-0.014,9,6
590,1-OCTANOL,130.23100000000002,-1.100,9,6
591,DIETHYLENE GLYCOL MONOETHYL ETHER,134.175,-0.900,9,6
592,BIS(2-CHLOROETHOXY)METHANE,173.039,-0.879,9,6
593,DIBUTYLAMINE,129.24699999999999,0.413,9,6
594,2-METHOXYETHYLETHER,134.17499999999998,0.471,9,6
595,NONANOIC ACID,158.241,-2.783,11,7
596,ISOPROPYL STEARATE,326.56500000000005,-4.401,23,17
597,UNDECANONE,170.296,-1.383,12,8
598,N-NONYLAMINE,143.274,-0.556,10,7
599,TRIETHYLENETETRAAMINE,146.238,-3.385,10,7
600,"ETHANOL, 2-(HEXYLOXY)-",146.23,-0.810,10,7
601,TRIETHYLENE GLYCOL,150.174,-2.879,10,7
602,1-BROMODECANE,221.18199999999993,-1.398,11,8
603,BIS (2-ETHOXY ETHYL)  ETHER,162.22899999999998,-0.283,11,8
604,UNDECANOIC ACID,186.29499999999996,-2.419,13,9
605,UNDECYLENIC ACID,184.27899999999997,-3.028,13,9
606,METHYL HEXADECANOATE,270.4569999999999,-4.328,19,14
607,DODECANE,170.33999999999997,-0.870,12,9
608,N-DODECENE,168.32399999999998,-0.799,12,9
609,1-UNDECANOL,172.31199999999998,-2.527,12,9
610,"2,5,8,11-TETRAOXADODECANE",178.22799999999998,-1.395,12,9
611,ETHOXYTRIETHYLENE GLYCOL,178.22799999999998,-2.000,12,9
612,"6,7-DITHIADODECANE",206.41999999999996,-2.197,12,9
613,1-CHLORODODECANE,204.78499999999997,-2.201,13,10
614,DODECANOL,186.33899999999997,-3.072,13,10
615,DODECANAL,184.32299999999998,-1.815,13,10
616,DODECYL MERCAPTAN,202.407,-2.069,13,10
617,DI-N-HEXYL ETHER,186.33899999999997,-1.336,13,10
618,METHYL STEARATE,298.51099999999997,-4.866,21,16
619,METHYL LINOLEATE,294.4789999999999,-5.435,21,14
620,1-BROMO-N-TETRADECANE,277.29,-3.348,15,12
621,1-TETRADECANOL,214.39299999999994,-3.959,15,12
622,OLEIC ACID,282.46799999999996,-5.854,20,15
623,1-BROMOHEXADECANE,305.34399999999994,-4.314,17,14
624,1-OCTADECENE,252.4859999999999,-4.171,18,15
625,1-BROMOOCTADECANE,333.39799999999997,-5.226,19,16
626,1-OCTADECANOL,270.5009999999999,-5.569,19,16
627,EICOSANE,282.5559999999999,-5.335,20,17
628,PROPENE,42.080999999999996,3.939,3,0
629,DIMETHYL ETHER,46.069,3.648,3,0
630,ISOBUTENE,56.10799999999999,3.364,4,0
631,TRIBROMOACETALDEHYDE,280.741,0.182,6,0
632,2-METHYL-3-BUTYN-2-OL,84.118,1.204,6,0
633,ETHYLTRICHLOROSILANE,163.50699999999998,1.674,6,1
634,PERFLUOROCYCLOBUTANE,200.02799999999996,3.371,12,0
635,ENDOSULFAN,406.92899999999986,-6.762,19,0
636,DICOFOL,370.49,-6.400,20,2
637,"1,3-PROPANEDIOL, 2-BUTYL-2-ETHYL-",160.25699999999998,-4.000,11,6
638,ALDICARB,190.268,-4.460,12,3
639,ISOPROPENYL METHYL ETHER,72.107,2.713,5,1
640,HEXAFLUOROPROPENE,150.021,3.690,9,0
641,METHYL DICHLOROACETATE,142.969,0.653,7,1
642,2-AMINOANTHRAQUINONE,223.23099999999997,-10.301,17,0
643,DICHLONE,227.046,-5.959,14,0
644,BIS(2-ETHYLHEXYL)PHTHALATE,390.56400000000025,-6.848,28,14
645,DIOCTYL PHTHALATE,390.5640000000003,-7.000,28,16
646,HEXACHLOROBENZENE,284.784,-4.745,12,0
647,2-CHLOROBENZOIC ACID,156.56799999999998,-3.180,10,1
648,"P-(2,4-DINITROANILINE)PHENOL",275.22,-11.398,20,4
649,METHYL SALICYLATE,152.14899999999997,-1.465,11,1
650,BENZOIN,212.248,-5.658,16,3
651,BENZOPHENONE,182.222,-2.714,14,2
652,TETRALIN,132.206,-0.434,10,0
653,ISOQUINOLINE,129.16199999999998,-1.155,10,0
654,2-NITRO-N-PHENYLBENZENAMINE,214.22400000000002,-5.000,16,3
655,ANTHRACENE,178.23399999999998,-5.185,14,0
656,5-CHLORO-2-HYDROXYDIPHENYLMETHANE,218.683,-5.854,15,2
657,BENZYL BENZOATE,212.24800000000002,-3.650,16,3
658,PIPERONAL,150.13299999999995,-2.000,11,1
659,DIMETHYLTEREPHTHALATE,194.18599999999995,-2.000,14,2
660,"2-(2,4-DICHLOROPHENOXY)ETHANOL",207.05599999999998,-3.701,12,3
661,INDOLE,117.15099999999997,-1.914,9,0
662,2-METHYLBENZOTHIAZOLE,149.218,-1.524,10,0
663,CATECHOL,110.11199999999997,-2.437,8,0
664,"1,2,4-TRICHLOROBENZENE",181.44899999999998,-0.337,9,0
665,"2,4-DICHLOROPHENOL",163.00299999999996,-1.046,9,0
666,1-METHYL-PYRROLIDINE,85.15,2.000,6,0
667,PYRETHRIN II,372.4610000000001,-6.400,27,7
668,TRIETHYLAMINE,101.193,1.757,7,3
669,"N,N-DIMETHYLANILINE",121.18299999999995,-0.155,9,1
670,MALATHION,330.3640000000001,-5.471,19,9
671,SIMAZINE,201.66099999999997,-7.656,13,4
672,ISOPROPYL PHENYL CARBAMATE,179.219,-3.854,13,2
673,ETHYL ORTHOFORMATE,148.202,0.587,10,6
674,METHYL STYRYL KETONE,146.189,-1.907,11,2
675,PHENYL GLYDIDYL ETHER,150.177,-2.000,11,3
676,HYDRAZOBENZENE,184.24200000000002,-3.361,14,3
677,PHENYLACETALDEHYDE,120.15099999999995,-0.407,9,2
678,PHENYL ACETATE,136.14999999999998,-0.400,10,1
679,3-PHENYLPROPANOL,136.194,-1.701,10,3
680,2-ANILINOETHANOL,137.182,-2.656,10,3
681,2-PHENOXYETHANOL,138.166,-2.155,10,3
682,DODECYLBENZENE,246.43799999999987,-4.292,18,11
683,1-PHENYLTRIDECANE,260.465,-4.896,19,12
684,P-ETHYLPHENOL,122.16699999999999,-1.429,9,1
685,DI(N-PROPYL) KETONE,114.18799999999999,0.787,8,4
686,DIETHYL SUCCINATE,174.19599999999997,-1.358,12,5
687,"PHENOL, 4-AMINO-",109.128,-4.398,8,0
688,HYDROQUINONE,110.11199999999998,-4.620,8,0
689,"3-METHYLENE-7-METHYL-1,6-OCTADIENE  (MYRCENE)",136.238,0.303,10,4
690,PROPIONALDEHYDE,58.08,2.501,4,1
691,METHYLFORMAMIDE,59.068,-0.597,4,1
692,ISOPENTANOL,88.15,0.375,6,2
693,SUCCINIMIDE,99.089,-4.125,7,0
694,PROPIONIC ANHYDRIDE,130.14299999999997,0.134,9,2
695,PARALDEHYDE,132.159,1.041,9,0
696,BUTYRALDEHYDE,72.107,2.045,5,2
697,TRANS-CROTONALDEHYDE,70.09100000000001,1.477,5,1
698,PYRROLIDINE,71.123,1.797,5,0
699,LEVULINIC ACID,116.11599999999999,-2.951,8,3
700,"1,4-DIOXANE",88.10600000000001,1.581,6,0
701,ISOAMYL ACETATE,130.18699999999998,0.748,9,3
702,2-OCTANOL,130.231,-0.616,9,5
703,NONANEDIOC ACID,188.22299999999998,-7.971,13,8
704,DIALLYLAMINE,97.161,1.305,7,4
705,HEXANEDIOIC ACID,146.142,-6.498,10,5
706,ETHYLENE BIS CHLOROFORMATE,186.978,-1.666,10,3
707,OCTANOIC ACID,144.214,-2.431,10,6
708,METHYL MYRISTATE,242.4029999999999,-3.310,17,12
709,OCTANONITRILE,125.215,-0.409,9,5
710,OCTANAL,128.215,0.072,9,6
711,N-DECANE,142.286,0.155,10,7
712,CARBON DIOXIDE,44.009,4.684,3,0
713,DIMETHYLAMINE,45.085,3.182,3,0
714,"1,2-DIBROMOTETRAFLUOROETHANE",259.822,2.512,8,1
715,TRIBUTYLPHOSPHATE,266.3179999999999,-2.947,17,12
716,CHLOROPRENE,88.53699999999999,2.334,5,1
717,PYRUVIC ACID,88.062,0.111,6,1
718,TETRACHLOROETHENE,165.834,1.267,6,0
719,"N,N'-DIMETHYLACETAMIDE",87.122,0.301,6,0
720,ALPHA-IONONE,192.30199999999994,-1.762,14,2
721,BETA-PINENE,136.238,0.467,10,0
722,"2,6-DI-T-BUTYL-4-METHYLPHENOL (BHT)",220.35599999999994,-2.287,16,0
723,PYRENE,202.256,-5.347,16,0
724,1-HYDROXYANTHRAQUINONE,224.215,-6.680,17,0
725,DIMETHYL PHTHALATE,194.18599999999998,-2.511,14,2
726,DIPROPYL PHTHALATE,250.29399999999993,-3.879,18,6
727,DIBENZOFURAN,168.195,-2.606,13,0
728,DIBENZOTHIOPHENE,184.263,-3.688,13,0
729,CAPTAN,300.594,-7.046,16,1
730,FOLPET,296.562,-6.804,16,1
731,METHYL ANTHRANILATE,151.165,-1.567,11,1
732,1-NAPHTHYLAMINE,143.18899999999996,-2.379,11,0
733,"DEET [N,N,-DIET-3-ME BENZAMIDE]",191.274,-2.699,14,3
734,BENZIL,210.232,-3.684,16,3
735,O-DIETHYLBENZENE,134.22199999999998,0.021,10,2
736,2-NAPHTHOL,144.173,-3.495,11,0
737,SEC-BUTYLBENZENE,134.222,0.243,10,2
738,"1,3-DIPHENYL-1-TRIAZENE",197.241,-4.719,15,3
739,BUTYL BENZOATE,178.23099999999997,-2.000,13,4
740,2-METHYLBENZENETHIOL,124.20799999999997,-0.192,8,0
741,"2,4,5-TRIMETHYLANILINE",135.20999999999998,-2.046,10,0
742,2-METHYL-1-BUTANOL,88.14999999999999,0.494,6,2
743,LIMONENE,136.238,0.190,10,1
744,PROPAZINE,229.715,-6.883,15,4
745,DIPHENYLSULFIDE,186.279,-2.123,13,2
746,PHENYLACETONITRILE,117.15099999999995,-1.049,9,1
747,"P-(1,1,3,3-TETRAMETHYLBUTYL)PHENOL",206.32899999999998,-3.321,15,2
748,2-METHYL-5-VINYLPYRIDINE,119.16699999999997,0.072,9,1
749,DIETHYL MALEATE,172.17999999999998,-0.979,12,4
750,BUTYL ACRYLATE,128.171,0.736,9,4
751,ETHANOLAMINE,61.083999999999996,-0.394,4,1
752,T-OCTYL MERCAPTAN,146.29899999999998,0.716,9,1
753,DECAMETHYLTETRASILOXANE,310.69100000000003,-0.426,17,6
754,DODECAMETHYLPENTASILOXANE,384.8460000000001,-0.991,21,8
755,DICROTOPHOS,237.19199999999995,-3.796,15,5
756,ETHYL ACETATE,88.10600000000001,1.969,6,1
757,MESITYL OXIDE,98.145,0.914,7,1
758,MALONIC ACID,104.06099999999999,-2.824,7,2
759,M-DIETHYLBENZENE,134.22199999999998,0.053,10,2
760,ACETOACETIC ESTER,130.14299999999997,-0.108,9,3
761,"1,3-DICHLOROPROPANE",112.98700000000001,1.260,5,2
762,HEXANOIC ACID,116.15999999999998,-1.362,8,4
763,N-HEPTANE,100.205,1.663,7,4
764,ISOPROPYL PALMITATE,298.51099999999997,-4.253,21,15
765,N-HEXYL ACETATE,144.214,0.121,10,5
766,DI-N-BUTYL ETHER,130.231,0.779,9,6
767,DODECANOIC ACID,200.32199999999997,-4.796,14,10
768,1-NONANOL,144.258,-1.644,10,7
769,1-DECANETHIOL,174.353,-1.435,11,8
770,1-BROMO-N-DODECANE,249.236,-2.406,13,10
771,N-HEXADECYLAMINE,241.4629999999999,-3.876,17,14
772,KEPONE,490.6389999999999,-6.648,21,0
773,"2,2,4-TRIMETHYL-1,3-PENTANEDIOL",146.23,-2.347,10,3
774,8-QUINOLINOL,145.161,-2.780,11,0
775,THIABENDAZOLE,201.25400000000002,-8.398,14,1
776,DICHLOROMETHYLPHENYLSILANE,191.13300000000004,-0.312,10,1
777,M-METHOXYPHENOL,124.13899999999998,-1.708,9,1
778,"PROPANENITRILE, 3-AMINO-",70.095,-0.066,5,1
779,AZIRIDINE,43.068999999999996,2.328,3,0
780,HALOTHANE,197.381,2.480,7,0
781,OCTAMETHYLPYROPHOSPHORAMIDE,286.253,-3.000,17,6
782,"1,2-DICHLOROETHENE (CIS)",96.94400000000002,2.301,4,0
783,"1,2-DICHLOROETHENE (TRANS)",96.94400000000002,2.520,4,0
784,PROPANOLAMINE,75.111,-1.113,5,2
785,TETRACYCLOTETRAMETHYLENECYCLOTETRASILOXANE,400.77200000000033,-0.607,24,0
786,"TRICYCLO(4.1.0.2,4)HEPTANE",94.157,1.573,7,0
787,BENZO(GHI)PERYLENE,276.338,-10.000,22,0
788,PERYLENE,252.316,-8.280,20,0
789,BENZO(B)FLUORANTHENE,252.316,-6.301,20,0
790,FLUORANTHENE,202.256,-5.035,16,0
791,BENZO(K)FLUORANTHENE,252.316,-9.015,20,0
792,ACENAPHTHYLENE,152.19599999999997,-2.175,12,0
793,"1,2,3,4-DIBENZANTHRACENE",278.35400000000004,-10.000,22,0
794,TRIPHENYLENE,228.294,-7.678,18,0
795,PHENANTHRIDINE,179.22199999999998,-4.682,14,0
796,BENZO(H)QUINOLINE,179.22199999999998,-3.662,14,0
797,11H-BENZO(A)FLUORENE,216.28300000000002,-6.614,17,0
798,"BENZO(B)NAPHTHO(2,1-D)THIOPHENE",234.323,-6.943,17,0
799,11H-BENZO(B)FLUORENE,216.28300000000002,-7.260,17,0
800,BENZOFURAN,118.13499999999996,-0.357,9,0
801,BICYCLO[2.2.2]OCTANE,110.2,0.524,8,0
802,"1,4-DIAZABICYCLO(2,2,2)OCTANE  (DABCO)",112.17600000000002,-0.130,8,0
803,BICYCLO(4.1.0)HEPTANE,96.173,1.358,7,0
804,CYCLOBUTANE,56.108,3.072,4,0
805,THIACYCLOBUTANE,74.148,1.722,4,0
806,CYCLOPENTANE,70.135,2.502,5,0
807,OXAZOLE,69.06299999999999,2.121,5,0
808,THIAZOLE,85.13099999999999,1.236,5,0
809,PYRAZINE,80.08999999999997,1.033,6,0
810,CYCLOHEPTANE,98.18900000000001,1.334,7,0
811,CYCLOOCTANE,112.21600000000001,0.741,8,0
812,CYCLODECANE,140.27,-0.252,10,0
813,ISOBENZAN,411.754,-5.535,18,0
814,PHOSPHAMIDON,299.69100000000003,-4.783,18,7
815,PARATHION METHYL,263.211,-5.456,16,5
816,PHORATE,260.38599999999997,-3.195,13,8
817,DISULFOTON,274.413,-4.011,14,9
818,METHYL LINOLENATE,292.463,-5.295,21,13
819,CHORAL HYDRATE,165.40300000000002,1.176,7,0
820,"1,1,1-TRIFLUORO-2,2-DICHLOROETHANE",152.93,2.856,7,0
821,ALDRIN,364.914,-3.921,18,0
822,PARAOXON,275.19699999999995,-5.959,18,7
823,HEPTACOSAFLUOROTRIBUTYLAMINE,671.0850000000003,-0.258,40,9
824,BROMACIL,261.11899999999997,-6.513,14,2
825,ALPHA-HEXACHLOROCYCLOHEXANE,290.832,-4.347,12,0
826,"2,4-DICHLORO(TRIFLUOROMETHYL)BENZENE",215.00099999999998,0.045,12,0
827,"1,2,4,5-TETRAFLUOROBENZENE",150.07399999999998,1.754,10,0
828,TRICHLORONATE,333.6039999999999,-4.824,17,5
829,DIFLUOROMETHYLPHENYLSILANE,158.223,0.881,10,1
830,"2,5-DINITROPHENOL",184.10699999999997,-3.914,13,2
831,CYCLOHEXYL METHYLPHOSPHONOFLUORIDATE,180.15899999999996,-1.357,11,2
832,DIURON,233.09799999999998,-7.161,14,1
833,LINURON,249.09699999999998,-5.845,15,2
834,FLUROTHYL,182.063,2.193,11,2
835,DIAZINON,304.35200000000003,-4.045,19,7
836,DECANOIC ACID,172.268,-3.437,12,8
837,1-FLUORODECANE,160.27599999999998,-0.203,11,8
838,1-FLUORODODECANE,188.32999999999996,-0.682,13,10
839,TRIFLUORONITROMETHANE,115.01,3.848,7,0
840,PERFLUOROOCTANOIC ACID,414.06399999999996,-0.280,25,6
841,BROMOPENTAFLUOROBENZENE,246.95999999999998,0.903,12,0
842,CHLOROPENTAFLUOROBENZENE,202.509,1.250,12,0
843,BENZYL FLUORIDE,110.13099999999997,0.832,8,1
844,P-FLUOROTOLUENE,110.131,1.322,8,0
845,DIETHYLSULFIDE,90.191,1.780,5,2
846,CARBONIC DIFLUORIDE,66.006,4.648,4,0
847,BROMOCHLORODIFLUOROMETHANE,165.36399999999998,3.316,5,0
848,"ETHANE, 1,2-DICHLORO-1,1,2-TRIFLUORO-",152.93,2.792,7,1
849,PERFLUOROETHANESULFONIC ACID,200.084,-0.051,11,1
850,DECAFLUOROBUTANE,238.02399999999997,3.303,14,1
851,PERFLUORO-N-HEXANE,338.03799999999995,2.338,20,3
852,PERFLUOROCYCLOHEXANE,300.0419999999999,2.233,18,0
853,TRIETHYLFLUOROSILANE,134.27,1.566,8,3
854,"CHLORO-1,1-DIFLUOROETHYLENE",98.47900000000001,3.550,5,0
855,OCTAFLUORO-2-BUTENE,200.02799999999996,3.301,12,0
856,PENTAFLUOROBENZENE,168.06399999999996,1.830,11,0
857,"1,2-DIFLUOROBENZENE",114.094,1.728,8,0
858,M-DIFLUOROBENZENE,114.094,1.918,8,0
859,"1,3,5-TRIFLUOROBENZENE",132.08399999999997,2.017,9,0
860,1-FLUOROHEXANE,104.168,1.762,7,4
861,"1,1,1-TRIFLUORO-2-PROPANOL",114.06600000000002,1.785,7,0
862,"1,1-DICHLORO-1,2,2,2-TETRAFLUOROETHANE",170.92,3.215,8,0
863,"2,2,3,3,4,4,-HEPTAFLUOROBUTANOL",200.05299999999997,1.520,12,2
864,"HEPTANOIC ACID, TRIDECAFLUORO-",364.05699999999996,-0.876,22,5
865,HEXAFLUOROBENZENE,186.05399999999997,1.927,12,0
866,1-FLUORO-2-TRIFLUOROMETHYLBENZENE,164.10099999999997,1.584,11,0
867,CF3-CH2-O-CF2-CF2H,200.05299999999997,2.328,12,3
868,TRIFLUOROACETIC ANHYDRIDE,210.029,1.615,13,0
869,CYANIC ACID,43.025,2.910,3,0
870,"1,1,1-TRIFLUOROETHANE",84.04,3.980,5,0
871,PENTAFLUORO-1-PROPANOL,150.04600000000002,1.664,9,1
872,"3,3-DICHLORO-1,1,1,2,2-PENTAFLUOROPROPANE",202.937,2.380,10,1
873,FLUOROACETONE,76.07,1.802,5,1
874,"2,3-BUTANEDIONE",86.09,1.754,6,1
875,OCTAFLUOROTOLUENE,236.06099999999992,1.462,15,0
876,5-FLUORO-2-NITROPHENOL,157.09999999999997,-1.640,11,1
877,2-PHENYLACETOPHENONE,196.249,-3.735,15,3
878,FLUORODIMETHYLPHENYLSILANE,154.26,0.462,10,1
879,DIACETYLENE,50.06000000000001,3.121,4,0
880,1-FLUOROPROPANE,62.08699999999999,3.303,4,1
881,HFC-245FA,134.047,3.053,8,1
882,"ETHANE, 1,1-DIFLUORO-2-METHOXY-",96.076,2.477,6,2
883,FLUOROBENZENE,96.10399999999998,1.888,7,0
884,TRIDECAN-7-ONE,198.34999999999994,-2.175,14,10
885,AMYL NITRITE,117.14800000000001,0.599,8,5
886,"9,12,15-OCTADECATRIENOIC ACID, (Z,Z,Z)-",278.43600000000004,-6.268,20,13
887,"1,2-PROPADIENE",40.06499999999999,3.735,3,0
888,"2,2,3-TRIMETHYLBUTANE",100.20499999999998,2.009,7,0
889,"(1R,4R)-(+)-CAMPHOR",152.237,-1.143,11,0
890,"1,4-CINEOL",154.253,0.286,11,1
891,"1,8-CINEOLE",154.253,0.279,11,0
892,CHLORFENVINPHOS,359.5730000000001,-5.125,20,7
893,OXAMIC ACID,89.05000000000001,-6.333,6,0
894,"1,2,3,4-TETRAMETHYLBENZENE",134.22199999999998,-0.442,10,0
895,4-METHYLQUINOLINE,143.189,-2.196,11,0
896,ALPHA-D-GLUCOSE,180.15599999999998,-13.096,12,1
897,CIS-BICYCLO[4.4.0]DECANE,138.254,-0.105,10,0
898,TRANS-BICYCLO[4.4.0]DECANE,138.254,0.086,10,0
899,"3,4-DIAMINOTOLUENE",122.17099999999999,-3.201,9,0
900,"2,4,5-TRIMETHYLPHENOL",136.194,-2.168,10,0
901,BICYCLO[2.2.1]-2-HEPTENE,94.157,1.593,7,0
902,BETA-PHENYLPROPIONIC ACID,150.177,-2.573,11,3
903,BENZYL CHLOROCARBONATE,170.59500000000003,-2.506,11,2
904,DIPHENYLACETYLENE,178.23399999999998,-2.642,14,0
905,CYCLOHEPTANONE,112.172,0.097,8,0
906,E-CAPROLACTONE,114.144,-0.870,8,0
907,CYCLOOCTANONE,126.19900000000001,-0.389,9,0
908,5-NONANONE,142.242,-0.258,10,6
909,2-BUTYNE,54.092,2.849,4,0
910,AZETIDINE,57.096,2.250,4,0
911,TRIMETHYLENEOXIDE,58.08,2.511,4,0
912,(Z)-2-BUTENOIC ACID (ISOCROTONIC ACID),86.09,-0.231,6,1
913,ISOVALERIC ACID,102.133,-0.357,7,2
914,THIOBARBITURIC ACID,144.155,-7.699,9,0
915,"1,3-PENTADIENE",68.119,2.607,5,1
916,"1,3-PROPANEDIOL",76.095,-1.356,5,2
917,"1,4-DITHIANE",120.242,-0.097,6,0
918,SUBERIC ACID,174.196,-6.541,12,7
919,1-FLUOROUNDECANE,174.30299999999997,-0.682,12,9
920,HEPTADECANOIC ACID,270.4569999999999,-7.206,19,15
921,EICOSANOIC ACID,312.538,-8.742,22,18
922,ACETYL BROMIDE,122.949,2.086,4,0
923,ACETYL IODIDE,169.949,1.511,4,0
924,2-BROMO-2-METHYLPROPANE,137.02,2.130,5,0
925,T-BUTYL CHLORIDE,92.569,2.480,5,0
926,"1,3-DICHLORO-1,2,2,3,3-PENTAFLUOROPROPANE",202.93699999999998,2.456,10,2
927,BORNEOL,154.253,-1.299,11,0
928,TETRANITROMETHANE,196.03099999999998,0.925,13,4
929,"ETHYL 1,1,2,2-TETRAFLUOROETHYL ETHER",146.083,2.338,9,3
930,TRIMETHYL PHOSPHATE,140.075,-0.071,8,3
931,"2,3-DIBROMO-1-PROPENE",199.873,0.880,5,1
932,ISOBUTYL CHLORIDE,92.569,2.176,5,1
933,1-IODO-2-METHYLPROPANE,184.01999999999998,1.196,5,1
934,2-IODOBUTANE,184.01999999999998,1.233,5,1
935,"2,3-DIMETHYL-1,3-BUTADIENE",82.14599999999999,2.182,6,1
936,"2,3-BUTANEDIOL",90.122,-0.614,6,1
937,"1,1-DICHLOROPROPANONE",126.97000000000001,1.431,6,1
938,ETHYL TRICHLOROACETATE,191.441,0.581,9,1
939,TRIPHENYLMETHANE,244.33700000000002,-5.253,19,3
940,DEHYDROACETIC ACID,168.148,-2.903,12,1
941,"1,2,3-TRIMETHYLBENZENE",120.19499999999998,0.228,9,0
942,"2,3-DIMETHYLPHENOL",122.16699999999996,-1.051,9,0
943,"1,2,3,5-TETRAMETHYLBENZENE",134.22199999999998,-0.303,10,0
944,"2,4,6-TRIMETHYLPHENOL",136.19399999999996,-1.759,10,0
945,1-METHYL-2-ISOPROPYLBENZENE,134.22199999999998,0.176,10,1
946,O-DINITROBENZENE,168.10799999999998,-4.342,12,2
947,2-METHYLBENZONITRILE,117.15099999999998,-0.349,9,0
948,"1,1-DIPHENYLETHYLENE",180.24999999999997,-1.883,14,2
949,"HYDRAZINE, 1,1-DIPHENYL-",184.242,-3.309,14,2
950,INDALONE,226.27199999999993,-3.523,16,4
951,"2,4-D, ETHYL ESTER",249.09300000000002,-2.959,15,4
952,"1,3-DICHLOROACETONE",126.97,-0.202,6,2
953,2-METHYLFURAN,82.10199999999999,2.193,6,0
954,"4,6-DINITRO-O-CRESOL",198.13399999999996,-3.921,14,2
955,ETHYL DICHLOROACETATE,156.99599999999998,0.456,8,2
956,M-CYMENE,134.22199999999998,0.236,10,1
957,ETHYNYL BENZENE,102.13599999999998,0.314,8,0
958,4-ETHYLPYRIDINE,107.15599999999998,0.356,8,1
959,PENTYLBENZENE,148.24899999999997,-0.358,11,4
960,BENZYL METHYL ETHER,122.16699999999994,0.220,9,2
961,ISOBUTYLBENZENE,134.22199999999998,0.286,10,2
962,BENZYL ETHYL ETHER,136.194,-0.034,10,3
963,ETHYL VALERATE,130.18699999999998,0.681,9,4
964,ETHYL LEVULINATE,144.17,-0.682,10,4
965,2-METHYLPROPYL PROPANOATE,130.18699999999998,0.811,9,3
966,"1,2-ETHYLENE DIBROMIDE",185.84599999999998,1.491,4,0
967,1-CHLOROPROPANE,78.542,2.538,4,1
968,ETHYL METHYL ETHER,60.096000000000004,3.173,4,1
969,"2,2,4-TRIMETHYLPENTANE",114.23199999999997,1.693,8,1
970,T-BUTYL ACETATE,116.15999999999998,1.672,8,0
971,DODECAMETHYLCYCLOHEXASILOXANE,444.93000000000023,-1.648,24,0
972,HEXADECAMETHYLHEPTASILOXANE,533.1560000000002,-2.496,29,12
973,DECAMETHYLCYCLOPENTASILOXANE,370.77500000000015,-0.699,20,0
974,HEXAMETHYLCYCLOTRISILOXANE,222.46499999999997,0.548,12,0
975,DICHLORO(2-CHLOROVINYL)ARSINE (TRANS),207.31900000000002,-0.237,6,1
976,"1,1-DICHLOROBUTANE",127.014,1.358,6,2
977,BUTYRAMIDE,87.12199999999999,-2.408,6,2
978,ETHYL CHLOROCARBONATE,108.524,1.350,6,1
979,"2,4-DIMETHYLTHIAZOLE",113.185,0.706,7,0
980,3-DICHLOROBENZENE,147.004,0.332,8,0
981,CHLOROACETIC ANHYDRIDE,170.979,-1.429,9,2
982,CHLOROCYCLOHEXANE,118.60700000000001,0.828,7,0
983,ISOBUTYL FORMATE,102.13299999999998,1.603,7,3
984,N-BUTYL IODIDE,184.01999999999998,1.143,5,2
985,"1,3-DICHLOROPROPENE (ISOMER MIX)",110.971,1.531,5,1
986,ETHYL ISOTHIOCYANATE,87.14699999999999,1.057,5,1
987,BIS(CHLOROMETHYL) ETHER,114.959,1.468,5,2
988,"CARBONOCHLORIDIC ACID, 2-METHYLPROPYL ESTER",136.57799999999997,0.922,8,2
989,ISOBUTYL NITRATE,119.11999999999999,0.919,8,3
990,1-CHLOROPENTANE,106.596,1.517,6,3
991,DIISOPENTYL ETHER,158.285,0.146,11,6
992,DIISOAMYL SULFIDE,174.35299999999998,-0.496,11,6
993,1-CHLOROHEXANE,120.623,0.972,7,4
994,PENTANEDINITRILE,94.117,-2.084,7,2
995,CYCLOHEPTATRIENE,92.14099999999998,1.371,7,0
996,DI-N-BUTYL SULFIDE,146.29899999999998,0.079,9,6
997,TETRADECANOIC ACID,228.37599999999992,-5.854,16,12
998,N-HEXADECANE,226.44799999999992,-2.845,16,13
999,1-IODOHEXADECANE,352.34400000000016,-4.783,17,14
1000,TRICHLOROACETONITRILE,144.388,1.870,6,0
1001,METHYL ISOBUTYRATE,102.133,1.693,7,1
1002,PERINAPHTHENONE,180.206,-5.167,14,0
1003,"1,2,3,4-TETRAFLUOROBENZENE",150.07399999999998,1.695,10,0
1004,TRIMELLITIC ANHYDRIDE,192.12599999999998,-5.006,14,1
1005,DIPHENYL METHYLAMINE,183.25400000000002,-2.507,14,2
1006,O-NITROBENZALDEHYDE,151.12099999999998,-1.747,11,2
1007,METHYL OXALATE,118.088,0.057,8,0
1008,METHYL PROPIONATE,88.106,1.924,6,1
1009,2-METHYLTHIOPHENE,98.16999999999997,1.396,6,0
1010,BETA-PHELLANDRENE,136.23799999999997,0.201,10,1
1011,TRIS(BETA-CHLOROETHYL)AMINE,204.52800000000002,-1.959,10,6
1012,METHYL THIOCYANATE,73.12,1.083,4,0
1013,OCTAMETHYLTETRASILOXANE,296.62000000000006,0.021,16,0
1014,HEXADECAMETHYLCYCLOOCTASILOXANE,593.2400000000001,-2.539,32,0
1015,OCTADECAMETHYLOCTASILOXANE,607.3110000000001,-2.496,33,14
1016,OCTADECAMETHYLCYCLONONASILOXANE,667.3950000000001,-4.752,36,0
1017,PROPYL ISOVALERATE,144.21399999999997,0.413,10,4
1018,METHYL PROPYL ETHER,74.12299999999999,2.667,5,2
1019,2-IODOOCTANE,240.12799999999993,0.137,9,5
1020,"1,1-DIBROMOETHANE",187.862,1.408,4,0
1021,2-CHLOROPROPENE,76.52600000000001,2.913,4,0
1022,CARBON TETRABROMIDE,331.62699999999995,-0.569,5,0
1023,"3,3-DIMETHYL-1-BUTENE",84.16199999999999,2.634,6,0
1024,"2,3,3-TRIMETHYLPENTANE",114.23199999999999,1.431,8,2
1025,"2,3,3-TRIMETHYL-1-PENTENE",112.21599999999998,1.480,8,2
1026,HEROIN,369.4170000000001,-9.120,27,2
1027,"3,3-DIMETHYLPENTANE",100.20499999999998,1.918,7,2
1028,ETHION,384.48700000000014,-5.824,19,12
1029,"3,3-DIMETHYL HEXANE",114.23199999999999,1.456,8,3
1030,2-METHYL-1-BUTENE,70.13499999999999,2.785,5,1
1031,BROMONITROMETHANE,139.93599999999998,0.491,5,1
1032,"2,3-DIMETHYL-1-BUTENE",84.16199999999999,2.401,6,1
1033,"2,3-DIMETHYL-2-BUTENE",84.16199999999999,2.100,6,0
1034,3-METHYL-2-BUTANONE,86.134,1.718,6,1
1035,"2,2,3-TRIMETHYLPENTANE",114.23199999999999,1.507,8,1
1036,"2,3-DIMETHYLPENTANE",100.20499999999998,1.838,7,2
1037,3-METHYLPENTAN-2-ONE,100.16099999999999,1.064,7,2
1038,2-METHYL-3-PENTANONE,100.16099999999999,1.258,7,2
1039,"2,3,4-TRIMETHYLPENTANE",114.23199999999997,1.433,8,2
1040,"2,3,4-TRIMETHYL-2-PENTENE",112.21599999999998,1.352,8,1
1041,"2,4-DIMETHYL-3-PENTANONE",114.18799999999997,1.127,8,2
1042,"1,8-DIMETHYLNAPHTHALENE",156.22799999999998,-2.320,12,0
1043,"1,5-DIMETHYLNAPHTHALENE",156.22799999999998,-2.301,12,0
1044,"1,2-DIMETHYLNAPHTHALENE",156.22799999999998,-1.896,12,0
1045,"1,3-DIMETHYLNAPTHALENE",156.22799999999998,-1.635,12,0
1046,"1,6-DIMETHYLNAPHTHALENE",156.22799999999998,-1.836,12,0
1047,"2,3-DICHLOROPHENOL",163.00300000000001,-1.237,9,0
1048,"2,6-DIMETHYLPHENOL",122.16699999999996,-0.767,9,0
1049,"1,2-DIISOPROPYLBENZENE",162.27599999999998,-0.441,12,2
1050,O-ETHYLANILINE,121.18299999999998,-0.770,9,1
1051,"2,6-DIETHYLANILINE",149.23699999999997,-2.417,11,2
1052,6-AMINOQUINOLINE,144.17699999999996,-4.788,11,0
1053,3-AMINOQUINOLINE,144.17699999999996,-4.539,11,0
1054,"2,3-DIMETHYLNAPHTHALENE",156.228,-2.959,12,0
1055,"2,6-DIMETHYLNAPHTHALENE",156.22799999999998,-2.367,12,0
1056,"2,7-DIMETHYLNAPHTHALENE",156.22799999999998,-2.246,12,0
1057,"1,2-DIMETHYLCYCLOHEXANE",112.216,1.161,8,0
1058,"2,3-DIMETHYLPYRIDINE",107.15599999999999,0.430,8,0
1059,"2,5-DICHLOROPHENOL",163.003,-1.250,9,0
1060,3-PENTANOL,88.14999999999999,0.943,6,2
1061,"1,2-BUTANEDIOL",90.12199999999999,-1.300,6,2
1062,"2,3-DIMETHYLHEXANE",114.23199999999999,1.369,8,3
1063,"PHENOL, 3-(1,1-DIMETHYLETHYL)-",150.22099999999998,-1.697,11,0
1064,M-BROMOBENZOIC ACID,201.01899999999998,-4.043,10,1
1065,3-BROMO-1-NITROBENZENE,202.007,-1.155,10,1
1066,P-BROMOBENZOIC ACID,201.01899999999998,-5.002,10,1
1067,P-ETHYLANILINE,121.18299999999999,-0.845,9,1
1068,3-METHYLHEXANE,100.20499999999998,1.789,7,3
1069,"2,4-DIMETHYLHEXANE",114.23199999999999,1.483,8,3
1070,4-HEPTANOL,116.20399999999998,-0.005,8,4
1071,ISOBUTYL ISOVALERATE,158.24099999999996,0.265,11,4
1072,3-METHYLHEPTANE,114.23199999999999,1.292,8,4
1073,"1,4-DIMETHYLCYCLOHEXANE",112.216,1.253,8,0
1074,"2,5-DIMETHYLPYRIDINE",107.15599999999998,0.526,8,0
1075,3-OCTANOL,130.23099999999997,-0.592,9,5
1076,CIS-2-BUTENE,56.108000000000004,3.204,4,0
1077,"1,2-BUTADIENE",54.092,3.100,4,0
1078,1-CHLOROPROPENE,76.52600000000001,2.705,4,0
1079,"1,2-DIIODOETHENE (TRANS)",279.846,0.053,4,0
1080,"2,2-DIMETHYLPENTANE",100.20499999999998,2.021,7,1
1081,2-METHYL-2-PENTANOL,102.17699999999998,0.934,7,2
1082,"1,1-DIMETHYL CYCLOHEXANE",112.21600000000001,1.356,8,0
1083,"2,2-DIMETHYLHEXANE",114.23199999999999,1.531,8,2
1084,"1,3-DIMETHYLCYCLOHEXANE",112.216,1.330,8,0
1085,"3,5-DIMETHYLPYRIDINE",107.156,0.241,8,0
1086,3-METHYLCYCLOHEXANOL,114.18799999999999,-0.320,8,0
1087,3-METHYLCYCLOHEXANONE,112.172,0.176,8,0
1088,"3,5-DICHLOROPHENOL",163.003,-2.075,9,0
1089,3-METHYL-1-CYCLOHEXENE,96.173,1.540,7,0
1090,1-METHYLCYCLOHEXENE,96.17300000000002,1.486,7,0
1091,2-METHYLHEXANE,100.20499999999998,1.820,7,3
1092,2-HEXANONE,100.16099999999999,1.064,7,3
1093,"1,2-PENTADIENE",68.119,2.566,5,1
1094,2-METHYLHEPTANE,114.232,1.316,8,4
1095,"CARBONOCHLORIDIC ACID, BUTYL ESTER",136.578,0.816,8,3
1096,1-HEXENE,84.16199999999999,2.265,6,3
1097,"1,5-HEXADIENE",82.14599999999999,2.344,6,3
1098,2-HEXENE,84.162,2.176,6,2
1099,3-HEXENE,84.162,2.217,6,2
1100,"1,3-HEXADIENE",82.146,2.111,6,2
1101,1-FLUOROPENTANE,90.141,2.265,6,3
1102,"1,3-CYCLOHEXADIENE",80.13,1.988,6,0
1103,1-HEPTENE,98.189,1.773,7,4
1104,2-HEPTENE,98.18899999999998,1.685,7,3
1105,N-BUTYLFORMATE,102.13299999999998,1.461,7,4
1106,DIALLYL SULFIDE,114.21300000000001,0.965,7,4
1107,4-OCTENE,112.216,1.250,8,4
1108,2-TRIDECANONE,198.34999999999997,-1.983,14,10
1109,OCTADECANE,254.50199999999992,-3.467,18,15
1110,FLUOROMETHANE,34.033,3.455,2,0
1111,CHLOROFLUOROMETHANE,68.47800000000001,3.389,3,0
1112,N-METHYLHYDROXYLAMINE,47.057,0.223,3,0
1113,1-BROMO-1-CHLOROETHANE,143.411,1.930,4,0
1114,METHYLCYCLOPROPANE,56.108000000000004,3.199,4,0
1115,"1,2-DIBROMO-2-METHYLPROPANE",215.916,1.290,6,1
1116,"1,2-DICHLORO-2-METHYLPROPANE",127.014,1.449,6,1
1117,"2,3,3-TRIMETHYL-1-BUTENE",98.189,2.049,7,0
1118,"2,3-DIMETHYL-2-BUTANOL",102.17699999999998,0.505,7,1
1119,A-HYDROXY-I-BUTYRIC ACID,104.10499999999999,-2.058,7,1
1120,2-METHYL-2-NITROPROPANE,103.121,1.079,7,0
1121,"2,2,3,3-TETRAMETHYLBUTANE",114.23199999999999,1.320,8,0
1122,"2,2-DIMETHYL BUTYRIC ACID",116.16,-0.830,8,2
1123,PROPYL SULFONE,150.24299999999997,-2.385,9,4
1124,"3-METHYL-1,2-BUTADIENE",68.119,2.629,5,0
1125,METHYLCYCLOBUTANE,70.135,3.170,5,0
1126,"2-BROMO-1,1,2-TRIFLUOROETHYLENE",160.92,3.294,6,0
1127,"1,1,2-TRICHLOROPROPANE",147.432,0.491,6,1
1128,A-HYDROXYPROPIONIC ACID,90.07799999999999,-1.089,6,1
1129,"1,2-DICHLORO-1,2-DIFLUOROETHYLENE",132.924,2.949,6,0
1130,"PHENOL, 4-(1-METHYL-1-PHENYLETHYL)-",212.292,-4.226,16,2
1131,ETHYL ALPHA-BROMOISOBUTYRATE,195.05599999999998,0.417,9,2
1132,2-NITROBUTANE,103.121,0.892,7,2
1133,"2,4-DIMETHYL-3-PENTANOL",116.20399999999998,0.477,8,2
1134,9-PHENYLANTHRACENE,254.33200000000002,-7.301,20,1
1135,TRIPHENYLARSINE,306.24000000000007,-4.305,19,3
1136,2-HYDROXYANTHRAQUINONE,224.215,-10.164,17,0
1137,"2,6-DINITROTOLUENE",182.13499999999996,-3.246,13,2
1138,L-DIMETHYL TARTRATE,178.13999999999996,-3.189,12,3
1139,PENTACHLOROBENZENE,250.339,-2.996,11,0
1140,2-METHYL-3-ETHYLPENTANE,114.23199999999999,1.380,8,3
1141,"N,N-DIMETHYL-O-TOLUIDINE",135.20999999999998,-0.064,10,1
1142,O-NITROPHENYL ACETATE,181.147,-2.662,13,2
1143,1-ETHYL-2-METHYLBENZENE,120.19499999999995,0.417,9,1
1144,O-METHYLSTYRENE,118.17899999999996,0.267,9,1
1145,8-METHYLQUINOLINE,143.189,-1.602,11,0
1146,7-METHYLQUINOLINE,143.18900000000002,-2.054,11,0
1147,"NAPHTHALENE, 2-PHENYL-",204.272,-4.456,16,1
1148,O-IODOTOLUENE,218.03699999999998,-0.344,8,0
1149,3-CHLOROPENTANE,106.596,1.670,6,2
1150,"1,2-DICHLOROBUTANE",127.014,1.320,6,2
1151,"CARBONIC ACID, DIMETHYL ESTER",90.078,1.744,6,0
1152,3-METHYLTHIOPHENE,98.17000000000002,1.346,6,0
1153,PYRROLIDONE,85.106,-2.023,6,0
1154,2-METHYL-3-HEXANOL,116.20399999999998,0.130,8,3
1155,ISOPROPYL ISOBUTYRATE,130.18699999999998,1.204,9,2
1156,3-ETHYLPENTANE,100.205,1.763,7,3
1157,"N,N-DIETHYLFORMAMIDE",101.14899999999999,0.083,7,3
1158,BENZOYL BROMIDE,185.01999999999998,-0.654,9,1
1159,M-ISOPROPYLPHENOL,136.19399999999996,-1.158,10,1
1160,M-CHLOROBENZOYLCHLORIDE,175.01399999999998,-0.854,10,1
1161,"3,5-DINITROTOLUENE",182.135,-3.393,13,2
1162,3-ETHYLHEXANE,114.23199999999999,1.301,8,4
1163,BENZYL IODIDE,218.037,-0.903,8,1
1164,"BENZYLACETOACETIC ACID, ETHYL ESTER",220.26799999999994,-2.907,16,5
1165,CINNAMIC ACID,148.16099999999997,-4.301,11,2
1166,ETHYLENE GLYCOL MONOBENZYL ETHER,152.19299999999998,-1.699,11,4
1167,B-PHENYL ETHYL CHLORIDE,140.61299999999997,0.228,9,2
1168,CYCLOHEXYL ACETATE,142.19799999999998,1.033,10,1
1169,BENZYLISOTHIOCYANATE,149.218,-1.815,10,2
1170,P-METHYLSTYRENE,118.17899999999997,0.258,9,1
1171,3-HEXANOL,102.17699999999998,0.682,7,3
1172,ETHYL IODOACETATE,214.00199999999998,-0.195,7,2
1173,DIAZOACETIC ESTER,114.10399999999998,0.447,8,2
1174,METHYL VALERATE,116.15999999999998,1.281,8,3
1175,METHYL MALEATE,144.12599999999998,-0.523,10,2
1176,AMYL PROPIONATE,144.214,0.556,10,5
1177,"1,2-DIFLUOROETHANE",66.05,2.790,4,1
1178,DIMETHYLDISULFIDE,94.20400000000001,1.458,4,1
1179,"3,3-DIMETHYL-1-BUTANOL",102.17699999999998,0.389,7,1
1180,DIACETONAMINE,115.17599999999999,-0.699,8,2
1181,"SULFURIC ACID, DIBUTYL ESTER",210.29499999999993,-1.928,13,8
1182,2-METHYL-2-HEXANOL,116.20400000000001,0.316,8,3
1183,2-METHYL-2-PENTENE,84.16199999999999,2.199,6,1
1184,METHYL ISOBUTYL ETHER,88.14999999999999,2.324,6,2
1185,METHOXYACETIC ACID,90.078,-0.839,6,2
1186,ISOPROPYL FORMATE,88.10600000000001,2.140,6,2
1187,ISONITROBUTANE,103.12099999999998,0.838,7,2
1188,"2,4-DIMETHYL-3-THIAPENTANE",118.245,1.283,7,2
1189,"2,5-DIMETHYLPYRROLE",95.14499999999998,-0.094,7,0
1190,"1,3,5-TRIBROMOBENZENE",314.80199999999996,-2.824,9,0
1191,3-BROMOPYRIDINE,157.998,0.243,7,0
1192,N-METHYLPIPERIDINE,99.17699999999999,1.288,7,0
1193,2-HEXANOL,102.177,0.396,7,3
1194,1-NITROBUTANE,103.12100000000001,0.579,7,3
1195,O-PROPYLCARBAMATE,103.12100000000001,-1.257,7,2
1196,1-PROPYLNITRATE,105.09299999999999,1.371,7,3
1197,1-PENTYNE,68.11899999999999,2.639,5,1
1198,CIS-2-PENTENE,70.135,2.695,5,1
1199,2-PENTYNE,68.11899999999999,2.373,5,0
1200,5-METHYL-2-HEXANOL,116.204,0.307,8,3
1201,FUMARYL CHLORIDE,152.96399999999997,0.316,8,2
1202,2-METHYL-2-HEPTENE,112.21599999999998,1.250,8,3
1203,METHYL N-BUTYL ETHER,88.14999999999999,2.143,6,3
1204,DIFORMYLHYDRAZINE,88.06599999999999,-6.126,6,3
1205,DI-ISOBUTYL ETHER,130.23099999999997,1.188,9,4
1206,2-CHLOROOCTANE,148.677,0.137,9,5
1207,1-HEPTYNE,96.17299999999999,1.720,7,3
1208,HEXANENITRILE,97.161,0.455,7,3
1209,"1,5-DICHLOROPENTANE",141.041,0.053,7,4
1210,"ACETONITRILE, 2,2'-IMINOBIS-",95.105,-2.467,7,2
1211,ETHYLENE GLYCOL DINITRATE,152.06199999999998,-1.143,10,5
1212,ETHYL PALMITATE,284.484,-4.631,20,15
1213,2-NONANOL,144.258,-1.170,10,6
1214,1-OCTYNE,110.19999999999999,1.134,8,4
1215,"1,6-HEXANEDIOL",118.176,-3.301,8,5
1216,"4,5-DITHIAOCTANE",150.31199999999998,-0.291,8,5
1217,"1,3,5,7-CYCLOOCTATETRAENE",104.15199999999997,0.892,8,0
1218,1-IODOOCTANE,240.128,-0.602,9,6
1219,TETRADECANE,198.39399999999995,-1.936,14,11
1220,N-PENTADECANE,212.42099999999994,-2.465,15,12
1221,1-BROMOPENTADECANE,291.31699999999995,-3.830,16,13
1222,1-HEXADECENE,224.43199999999993,-2.578,16,13
1223,1-PENTADECANOL,228.41999999999993,-4.415,16,13
1224,HEPTADECANE,240.47499999999994,-3.642,17,14
1225,NONADECANE,268.52899999999994,-4.310,19,16
1226,HENEICOSANE,296.58299999999997,-4.059,21,18
1227,1-EICOSANOL,298.555,-7.345,21,18
1228,PENTACOSANE,352.69100000000014,-5.821,25,22
1229,HEXACOSANE,366.7180000000002,-6.329,26,23
1230,OCTACOSANE,394.7720000000003,-8.796,28,25
1231,NONACOSANE,408.7990000000003,-9.367,29,26
1232,HENTRIACONTANE,436.8530000000004,-10.854,31,28
1233,TRITRIACONTANE,464.9070000000005,-10.396,33,30
1234,N-PENTATRIACONTANE,492.9610000000006,-11.268,35,32
1235,TRIMETHYLACETONITRILE,83.13399999999999,1.538,6,0
1236,"1,1,1,2-TETRACHLOROETHANE",167.85,1.079,6,0
1237,"1,2,3,4-TETRACHLOROBENZENE",215.894,-1.409,10,0
1238,"1,2,3,5-TETRACHLOROBENZENE",215.894,-1.257,10,0
1239,PYRROLE-2-CARBOXYLIC ACID,111.09999999999998,-5.648,8,1
1240,"BENZENE, 1,2,4,5-TETRAKIS(1-METHYLETHYL)-",246.438,-2.699,18,4
1241,ISOPROPYL PROPIONATE,116.16,1.352,8,2
1242,4-CHLOROIODOBENZENE,238.45499999999998,-1.230,8,0
1243,ETHYL T-BUTYL ETHER,102.17699999999999,2.093,7,1
1244,2-IODOPENTANE,198.04699999999997,1.041,6,2
1245,"2,5-DIMETHYLTHIOPHENE",112.19699999999997,0.994,7,0
1246,"1,3-DIMETHYLCYCLOHEXANE (CIS)",112.216,1.332,8,0
1247,2-CHLOROHEXANE,120.62299999999999,1.134,7,3
1248,1-IODOHEXANE,212.074,0.146,7,4
1249,TRICOSANE,324.63700000000006,-4.759,23,20
1250,O-PROPYLPHENOL,136.194,-1.046,10,2
1251,"1,1'-(1,2-ETHENEDIYL)BISBENZENE (CIS)",180.24999999999997,-2.164,14,2
1252,2-ETHYL-2-HEXENAL,126.199,0.107,9,4
1253,TETRACOSANE,338.6640000000001,-5.390,24,21
1254,ISOAMYL ISOVALERATE,172.26799999999997,-0.053,12,5
1255,(1-CHLOROETHYL)BENZENE,140.61299999999997,-0.187,9,1
1256,TRANS-4-METHYL-2-PENTENE,84.16199999999999,2.348,6,1
1257,DIKETENE,84.074,1.029,6,0
1258,DELTA-VALEROLACTAM,99.13299999999998,-2.359,7,0
1259,"3,3,3-TRIFLUORO-1-PROPENE",96.051,3.642,6,0
1260,HFC-245 (PENTAFLUOROPROPANE),134.04700000000003,2.878,8,2
1261,HEXAMETHYLPHOSPHORAMIDE,179.20399999999998,-1.337,11,3
1262,DIETHYL METHYLPHOSPHONATE,152.13,-1.876,9,4
1263,HEXAFLUORO-2-PROPANONE,166.01999999999998,3.348,10,0
1264,1-BUTEN-3-YNE,52.076,3.130,4,0
1265,"4,4-DIMETHYL-2-PENTENE (TRANS)",98.189,2.045,7,0
1266,4-METHYL-1-PENTENE,84.16199999999999,2.435,6,2
1267,4-METHYL-2-PENTENE (CIS),84.16199999999999,2.387,6,1
1268,1-HEXYNE,82.14599999999999,2.124,6,2
1269,2-CHLOROETHYL ETHYL SULFIDE,124.636,0.531,6,3
1270,"DIETHYLENE DIGLYCOL, DINITRATE",196.11499999999998,-2.229,13,8
1271,2-DECANONE,156.269,-0.570,11,7
1272,1-BROMO-N-NONANE,207.155,-0.921,10,7
1273,DI-N-PENTYLETHER,158.28499999999997,-0.067,11,8
1274,4-METHYLTHIAZOLE,99.15799999999999,0.934,6,0
1275,ISOPROPYLCYCLOHEXANE,126.24300000000001,0.681,9,1
1276,"2,3,5-TRIMETHYLPHENOL",136.19399999999996,-2.420,10,0
1277,PROPANIL,218.08299999999997,-6.042,13,2
1278,4-((4-NITROPHENYL)AZO)BENZENAMINE,242.23799999999997,-9.523,18,3
1279,PHOSMET,317.3280000000001,-6.310,19,5
1280,"2,4,6-TRI(TERT-BUTYL)PHENOL",262.43699999999995,-3.180,19,0
1281,BENSULIDE,397.52400000000006,-6.097,23,10
1282,"PHOSPHONIC ACID, METHYL-, DIMETHYL ESTER",124.076,-0.017,7,2
1283,EPTAM (EPTC),189.32399999999998,-1.620,12,5
1284,2-ETHYL-1-BUTENE,84.16199999999999,2.243,6,2
1285,"3,4-DICHLORO-1-BUTENE",124.998,1.340,6,2
1286,DIETHYL PHOSPHITE,138.103,1.049,8,4
1287,2-METHYL-1-PENTENE,84.16199999999999,2.290,6,2
1288,3-METHYL-3-BUTEN-1-OL,86.13399999999999,0.550,6,2
1289,"ETHENE, 1,1'-(OXYBIS(2,1-ETHANEDIYLOXY))BIS-",158.19699999999997,-1.638,11,8
1290,1-BROMO-N-TRIDECANE,263.2629999999999,-2.866,14,11
1291,O-CHLOROANISOLE,142.585,-0.623,9,1
1292,"SILANE, DIMETHYL PHENYL",136.26999999999998,0.565,9,1
1293,CHLORODIMETHYLPHENYLSILANE,170.715,-0.140,10,1
1294,PHENYL DICHLOROPHOSPHATE,210.98400000000004,-1.280,11,2
1295,PENTAFLUOROPHENOL,184.063,0.464,12,0
1296,"9,10-DIHYDROPHENANTHRENE",180.25,-3.222,14,0
1297,9-METHYLANTHRACENE,192.261,-4.398,15,0
1298,"O,P'-DDT",354.491,-5.870,19,2
1299,"1,1,1,2-TETRAFLUOROETHANE",102.03000000000002,3.698,6,0
1300,1-BROMO-2-BUTANONE,151.003,0.560,6,2
1301,3-ETHYL-2-PENTENE,98.18899999999998,1.723,7,2
1302,DIETHYL GLUTARATE,188.22299999999996,-0.793,13,6
1303,"2-BUTENE-1,4-DIOL (TRANS)",88.10600000000001,-2.156,6,2
1304,1-UNDECENE,154.297,-0.307,11,8
1305,"1,2-DIMETHYLCYCLOPENTANE (TRANS)",98.18900000000001,1.806,7,0
1306,"2,6-DIAMINOTOLUENE",122.17099999999998,-2.609,9,0
1307,PHENYL CYCLOHEXANE,160.26000000000002,-1.399,12,1
1308,CYCLODODECANONE,182.30699999999996,-2.357,13,0
1309,1-METHYLPHENANTHRENE,192.26099999999997,-4.824,15,0
1310,AMETRYNE,227.337,-5.562,15,5
1311,2-HYDROXYETHYL METHACRYLATE,130.143,-0.900,9,3
1312,DIMETHYL PHOSPHITE,110.04899999999999,0.655,6,2
1313,ALLYL MERCAPTAN,74.148,2.719,4,1
1314,2-METHYLNONANE,142.286,0.276,10,6
1315,1-DECENE,140.27,0.223,10,7
1316,3-BROMOTHIOPHENE,163.039,1.220,6,0
1317,N-METHYLPYRROLIDONE,99.133,-0.462,7,0
1318,2-ETHYLTHIOPHENE,112.19699999999997,1.049,7,1
1319,3-METHYL SULFOLANE,134.2,-2.139,8,0
1320,"2,4(1H,3H)-PYRIMIDINEDIONE, 1,3-DIMETHYL-",140.142,-2.258,10,0
1321,"1,3-DIMETHYL-4-ETHYLBENZENE",134.22199999999995,-0.069,10,1
1322,CYCLOUNDECANONE,168.28,-1.306,12,0
1323,TERBUTRYN,241.364,-5.772,16,4
1324,2-CHLORO-2-METHYLPROPANE,92.569,2.487,5,0
1325,ETHYL(TERT-AMYL) ETHER,116.204,1.699,8,3
1326,"1,1,1,3,3,3-HEXAFLUOROPROPAN-2-OL",168.03599999999997,2.201,10,0
1327,"2,3,4-TRIMETHYLHEXANE",128.25899999999996,0.955,9,3
1328,N-NITROSODIBUTYLAMINE,158.245,-1.329,11,7
1329,"2-PROPENOIC ACID, PROPYL ESTER",114.14399999999998,1.161,8,3
1330,BUTYL NITRATE,119.11999999999999,0.919,8,4
1331,2-(2-AMINOETHOXY)ETHANOL,105.13700000000001,-2.812,7,4
1332,ISOCYANOBENZENE,103.12399999999997,0.380,8,0
1333,"1,2-DIMETHYL-3-ETHYLBENZENE",134.22199999999998,-0.206,10,1
1334,"1,3-DIMETHYL-5-ETHYLBENZENE",134.22199999999998,0.013,10,1
1335,"4-ETHYL-1,2-DIMETHYLBENZENE",134.22199999999998,-0.126,10,1
1336,4-ETHYLACETOPHENONE,148.20499999999998,-0.039,11,2
1337,ALPHA-NAPHTHYL METHYL KETONE,170.211,-3.407,13,1
1338,FONOPHOS,246.337,-3.471,14,5
1339,BENZYL PHENYL ETHER,184.238,-2.201,14,3
1340,METHIDATHION,302.33900000000006,-5.472,16,6
1341,DIPHENAMID,239.31800000000004,-7.523,18,3
1342,A-ENDOSULFAN,406.9290000000001,-5.523,19,0
1343,"2,4-DINITRO-N-PHENYLBENZENAMINE",259.221,-8.523,19,4
1344,METHYL-T-AMYL ETHER,102.17699999999999,1.876,7,2
1345,CHLOROTRIETHYLSILANE,150.725,0.831,8,3
1346,DIALLYL MALEATE,196.20199999999994,-2.166,14,6
1347,HEXAMETHYLDISILIZANE,161.397,1.140,9,2
1348,1-PENTYL NITRATE,133.14700000000002,0.705,9,5
1349,1-CHLORODECANE,176.73099999999997,-2.007,11,8
1350,"2,4-DIMETHYLSULFOLANE",148.227,-2.116,9,0
1351,SIMETRYN,213.30999999999997,-6.149,14,5
1352,ENDOSULFAN SULFATE,422.928,-6.553,20,0
1353,3-METHYL-3-ETHYLPENTANE,114.23199999999999,1.362,8,3
1354,"3,3-DIETHYLPENTANE",128.259,0.863,9,4
1355,"2,4-DIMETHYL-3-ETHYLPENTANE",128.25899999999996,1.004,9,3
1356,"2,3,5-TRIMETHYLHEXANE",128.259,1.068,9,3
1357,"2,2,4,4-TETRAMETHYLPENTANE",128.25899999999996,1.301,9,0
1358,"2,2-DIMETHYLHEPTANE",128.259,1.033,9,3
1359,"2,2,5,5-TETRAMETHYLHEXANE",142.28599999999997,0.942,10,1
1360,GLYPHOSPHATE,169.07299999999998,-7.009,10,4
1361,P-CHLOROSTYRENE,138.59699999999998,-0.088,9,1
1362,1-METHYL-2-PROPYLBENZENE,134.22199999999998,-0.003,10,2
1363,1-METHYL-3-PROPYLBENZENE,134.22199999999995,0.425,10,2
1364,1-METHYL-4-PROPYLBENZENE,134.22199999999995,0.041,10,2
1365,N-HEXYLBENZENE,162.276,-0.917,12,5
1366,N-NONYLBENZENE,204.35699999999994,-2.243,15,8
1367,DICHLOFLUANID,333.237,-6.951,18,5
1368,PEBULATE,203.35099999999997,-1.053,13,6
1369,"O,N-DIMETHYLHYDROXYLAMINE",61.084,2.579,4,1
1370,"PENTANEDIOIC ACID, DIMETHYL ESTER",160.169,-0.745,11,4
1371,N-UNDECANE,156.313,-0.385,11,8
1372,BUTYL PHENYL ETHER,150.22099999999998,-0.529,11,4
1373,1-ETHYLNAPHTHALENE,156.22799999999998,-1.599,12,1
1374,"3,5-DIMETHOXYBENZOIC ACID",182.17499999999998,-6.860,13,3
1375,"2,2,3,4-TETRAMETHYLPENTANE",128.259,1.100,9,1
1376,N-METHYL PROPIONAMIDE,87.12199999999999,0.061,6,1
1377,CYCLOBUTANONE,70.09100000000001,1.633,5,0
1378,"1,2-DIMETHYLCYCLOPENTANE (CIS)",98.18900000000001,1.674,7,0
1379,METHYLENE CYCLOHEXANE,96.173,1.604,7,0
1380,"2,4-DIMETHYLQUINOLINE",157.216,-2.100,12,0
1381,ALPHA-METHYLCINNAMIC ACID,162.188,-3.040,12,2
1382,GALAXOLIDE,258.4049999999999,-3.264,19,0
1383,TOLUENE DIISOCYANATE (MIXTURE OF ISOMERS),174.15899999999996,-1.870,13,2
1384,ETHYL 2-FUROATE,140.13799999999998,-0.393,10,2
1385,4-(4-NITROPHENYLAZO)PHENOL,243.222,-9.523,18,3
1386,"CYCLOHEXANOL, 2-PHENYL-",176.25900000000001,-1.435,13,1
1387,"PHOSPHONIC ACID, METHYL-, DIISOPROPYL ESTER",180.184,-0.558,11,4
1388,"[1,1'-BIPHENYL]-2,2'-DIAMINE",184.242,-5.570,14,1
1389,N-HEXADECYLBENZENE,302.54599999999994,-5.449,22,15
1390,1-PHENYLTETRADECANE,274.49199999999996,-4.623,20,13
1391,"2,6-DIMETHOXYBENZOIC ACID",182.17499999999998,-6.721,13,3
1392,"1,4-DICHLORO-2-BUTENE(CIS)",124.99799999999999,0.612,6,2
1393,FORMYL FLUORIDE,48.016000000000005,3.461,3,0
1394,TRIFLUOROMETHANESULFONIC ACID,150.07699999999997,-1.000,8,0
1395,"2,3-DIMETHOXYBENZOIC ACID",182.17499999999998,-5.730,13,3
1396,"4,4'-DINITROBIPHENYL",244.206,-7.562,18,3
1397,TRIMETHYLACETIC ANHYDRIDE,186.25099999999998,-0.357,13,0
1398,3-METHYL-2-THIABUTANE,90.191,1.903,5,1
1399,2-METHYL-4-CHLOROPHENOL,142.58499999999998,-1.620,9,0
1400,"1,3-PENTADIENE (Z)",68.119,2.580,5,1
1401,TRIFLURALIN,335.282,-4.339,23,7
1402,1-BROMO-4-ETHYLBENZENE,185.064,-0.155,9,1
1403,TETRAHYDRO-2H-THIOPYRAN,102.202,0.895,6,0
1404,2-ETHYL-1-HEXENE,112.216,1.294,8,4
1405,FENCHYL ALCOHOL,154.253,-1.449,11,0
1406,METHYL T-BUTYL ETHER,88.14999999999999,2.398,6,0
1407,P-BUTYLPHENOL,150.22099999999998,-2.654,11,3
1408,"1,1-DIMETHYLCYCLOPENTANE",98.18900000000001,1.882,7,0
1409,1-HEPTANETHIOL,132.27200000000002,0.117,8,5
1410,ETHYLCYCLOPENTANE,98.18900000000001,1.600,7,1
1411,ALDICARB SULFOXIDE,206.26699999999997,-4.000,13,3
1412,ALDICARB SULFONE,222.266,-4.046,14,3
1413,"1,2-DICHLORO-1,1-DIFLUOROETHANE",134.94,2.531,6,1
1414,ETHYLCYCLOHEXANE,112.21600000000001,1.107,8,1
1415,N-PROPYLCYCLOHEXANE,126.24300000000001,0.622,9,2
1416,BUTYLCYCLOHEXANE,140.27,0.117,10,3
1417,ISOBUTYLCYCLOHEXANE,140.26999999999998,0.684,10,2
1418,CYCLOPENTANETHIOL,102.20200000000001,1.057,6,0
1419,ALPHA-PINENE OXIDE,152.237,-0.087,11,0
1420,P-PHENYLAZOPHENOL,198.225,-6.636,15,2
1421,BROMOXYNIL OCTANOATE,403.1140000000002,-5.319,20,7
1422,"3,6-DICHLOROPICOLINIC ACID",192.001,-4.921,11,1
1423,"2,5-DIHYDROFURAN",70.091,2.199,5,0
1424,ISOPROPYL NITRATE,105.09299999999999,1.533,7,2
1425,"1,1-DICHLOROFLUOROETHANE",116.95,2.778,5,0
1426,1-METHYLFLUORENE,180.25,-3.523,14,0
1427,DIOCTYL PHENYL PHOSPHONATE,382.52500000000026,-5.710,26,17
1428,"2-ETHYL-1,4-DIMETHYLBENZENE",134.22199999999995,-0.027,10,1
1429,"1,3-DIMETHYLCYCLOPENTANE (TRANS)",98.189,1.818,7,0
1430,1-CYCLOHEXYLOCTANE,196.37799999999996,-2.039,14,7
1431,N-DECYLCYCLOHEXANE,224.43199999999993,-2.987,16,9
1432,ETHYL ARACHIDONATE,332.5280000000002,-6.165,24,15
1433,"1,1,1,2,2-PENTAFLUOROPROPANE",134.04700000000003,3.543,8,0
1434,"1,4-DICHLORONAPHTHALENE",197.064,-2.854,12,0
1435,ETHOXYTRIMETHYLSILANE,118.25199999999998,2.061,7,2
1436,DIMETHYL TETRACHLOROTEREPHTHALATE,331.96600000000007,-5.602,18,2
1437,TRITAC,269.55499999999995,-4.000,15,4
1438,2-METHYL-1-BUTANETHIOL,104.218,1.301,6,2
1439,"2-(1,1-DIMETHYLETHYL)-4,6-DIMETHYLPHENOL",178.27499999999995,-1.349,13,0
1440,PHENYL CHLOROFORMATE,156.56799999999998,-0.249,10,1
1441,"DIFLUOROMETHYL 2,2,2-TRIFLUOROETHYL ETHER",150.046,2.810,9,2
1442,PERCHLOROPROPYLENE,248.751,-0.613,9,0
1443,CHLOROTHALONIL,265.914,-6.244,14,0
1444,ATRAZINE,215.688,-6.539,14,4
1445,DICAMBA,221.039,-4.471,13,2
1446,PROPACHLOR,211.692,-3.638,14,3
1447,"2,4-D, METHYL ESTER",235.06599999999997,-2.638,14,3
1448,"2,4,5-T, 2-ETHYLHEXYL ESTER",367.7,-5.921,22,9
1449,"2,4-D, BUTOXYETHYL ESTER",321.2000000000001,-5.347,20,9
1450,NITRAPYRIN,230.90900000000002,-2.319,11,0
1451,CHLOROXURON,290.75,-8.409,20,3
1452,SIDURON,232.32699999999997,-8.398,17,2
1453,"1,3-PENTADIENE (E)",68.119,2.614,5,1
1454,BUTYLATE,217.37800000000001,-1.886,14,5
1455,1-TETRADECANAMINE,213.40899999999996,-3.011,15,12
1456,N-DECYLAMINE,157.301,-1.000,11,8
1457,2-ISOPROPYLNAPHTHALENE,170.255,-2.286,13,1
1458,METHIOCARB,225.313,-6.569,15,2
1459,4-BROMOSTYRENE,183.048,-0.108,9,1
1460,M-CHLOROSTYRENE,138.59699999999995,-0.008,9,1
1461,O-CHLOROSTYRENE,138.597,-0.017,9,1
1462,"CYCLOPENTANE, BUTYL-",126.24300000000001,0.602,9,3
1463,DIETHYL PIMELATE,216.27699999999996,-2.509,15,8
1464,"1,3-DIETHYL-5-METHYLBENZENE",148.24899999999997,0.000,11,2
1465,"3,3'-DICHLOROBIPHENYL",223.102,-3.188,14,1
1466,1-IODODECANE,268.1819999999999,-1.854,11,8
1467,DIPENTYLAMINE,157.30100000000002,-0.815,11,8
1468,DECACHLOROBIPHENYL,498.66200000000003,-6.975,22,1
1469,3-CHLOROBIPHENYL,188.65699999999998,-2.134,13,1
1470,4-CHLOROBIPHENYL,188.657,-1.979,13,1
1471,"N,N-DIETHYL-3-PYRIDYLMETHYLAMINE",164.252,-2.367,12,4
1472,EPN,323.3100000000001,-6.022,21,6
1473,1-PHENYLPENTADECANE,288.51899999999995,-5.143,21,14
1474,2-CHLOROBENZOTRICHLORIDE,229.92100000000002,-1.298,11,0
1475,"2,2',3,3',5,5',6,6'-OCTACHLOROBIPHENYL",429.77200000000005,-5.406,20,1
1476,"1,3-PROPANEDIOL, 2-METHYL-",90.12199999999999,-1.678,6,2
1477,LENACIL,234.2989999999999,-8.824,17,1
1478,FLUOMETURON,232.20499999999996,-6.028,16,1
1479,OCTABROMODIBENZO-P-DIOXIN,815.362,-12.511,22,0
1480,"2,3,4,5,6-PENTACHLORPYRIDINE",251.327,-1.854,11,0
1481,"1,2-DIMETHYLCYCLOHEXANE (CIS)",112.216,1.161,8,0
1482,N-PROPYL METHACRYLATE,128.171,0.805,9,3
1483,MOLINATE,187.30799999999996,-2.252,12,1
1484,"2,4-DIMETHYL-1-PENTENE",98.189,1.975,7,2
1485,3-METHYLOCTANE,128.259,0.796,9,5
1486,4-METHYLOCTANE,128.259,0.834,9,5
1487,MENTHOL (L),156.26899999999995,-1.196,11,1
1488,(+)-FENCHOL,154.253,-0.947,11,0
1489,OCTACHLORONAPHTHALENE,403.7339999999999,-7.959,18,0
1490,"1,3,5-HEXATRIENE",80.13,1.954,6,2
1491,"2-PROPENOIC ACID, 1,2-ETHANEDIYL ESTER",170.164,-1.182,12,5
1492,"PHOSPHORIC ACID,2-CHLORO-(2,4-DICHLOROPHENYL)VIN",331.519,-5.011,18,5
1493,PEROXYACETYLNITRATE,121.04799999999999,1.465,8,2
1494,TRIALLATE,304.66999999999996,-3.921,16,4
1495,PROPARGITE,350.4800000000001,-6.523,24,6
1496,PROPYL BENZOATE,164.20399999999995,-0.866,12,3
1497,METHYL THIOGLYCOLATE,106.146,0.477,6,1
1498,1-FLUOROBUTANE,76.114,2.762,5,2
1499,"1,2,3,5-TETRAFLUOROBENZENE",150.07399999999998,1.865,10,0
1500,MIREX,545.5459999999998,-6.097,22,0
1501,DODECANEPEROXOIC ACID,216.32099999999997,-3.602,15,10
1502,2-(TERT-BUTYL)-4-METHYLPHENOL,164.24799999999996,-1.602,12,0
1503,"2,3,6-TRIMETHYLPHENOL",136.194,-1.460,10,0
1504,"3,4-DIMEPHENYL N-METHYLCARBAMATE",179.21899999999997,-3.238,13,1
1505,1-CHLOROTETRADECANE,232.8389999999999,-3.139,15,12
1506,N-TERT-BUTYLFORMAMIDE,101.14899999999999,-0.569,7,1
1507,GLYCIDYL N-BUTYL ETHER,130.18699999999998,0.505,9,5
1508,6-AMINOHEXANENITRILE,112.17600000000002,-0.745,8,4
1509,LAURONITRILE,181.32299999999998,-2.627,13,9
1510,1-TRIDECENE,182.35099999999997,-1.195,13,10
1511,O-ISOPROPYLBENZOIC ACID,164.20399999999998,-3.460,12,2
1512,"4,4'-DICHLORODIPHENYL ETHER",239.10099999999997,-3.305,15,2
1513,"1,2-DIMETHYLCYCLOPENTANE",98.189,1.674,7,0
1514,DINONYL ETHER,270.5009999999999,-4.279,19,16
1515,"4,5-DICHLORO-2-METHOXYPHENOL",193.02899999999997,-2.353,11,1
1516,1-CHLORONONANE,162.704,-0.573,10,7
1517,C.I. VAT BLUE 5,577.8520000000001,-11.097,24,0
1518,"1,4-BIS(METHYLAMINO)ANTHRAQUINONE",266.3,-10.699,20,2
1519,"1,4,5,8-TETRAAMINOANTHRAQUINONE",268.276,-7.745,20,0
1520,TRIMETHOXY SILANE,122.19599999999998,1.881,7,3
1521,4-NITRO-((4-(N-DIMETHYL)AMINOPHENYL)AZO)BENZENE,270.29200000000003,-10.000,20,4
1522,"O,O-DIMETHYL PHOSPHOROCHLORIDOTHIOATE",160.562,-0.301,7,2
1523,"2,4,5-T, BUTOXYETHYL ESTER",355.64500000000004,-5.824,21,9
1524,ETRIDAZOLE,247.534,-4.000,12,2
1525,FENTHOATE,320.37200000000007,-5.585,19,7
1526,4-VINYLPHENOL,120.15099999999998,-1.854,9,1
1527,"N-ME-3,5-DIMETHYLPHENYL CARBAMATE",179.21899999999997,-3.444,13,1
1528,"1,4-DICHLORO-2,5-DIMETHOXYBENZENE",207.05599999999998,-2.523,12,2
1529,"N-ME-3,4,5-TRIMEPHENYL CARBAMATE",193.24599999999995,-4.292,14,1
1530,2-CHLORODIPHENYL ETHER,204.656,-2.398,14,2
1531,"OCTAHYDRO-1,3,5,7-TETRANITRO-1,3,5,7-TETRAZOC*",296.156,-13.481,20,4
1532,2-METHYL-2-HEXENE,98.189,1.732,7,2
1533,DIQUAT,184.24200000000002,-8.000,14,0
1534,"1,4-BIS(1-ISOCYANATO-1-METHYLETHYL)BENZENE",244.29399999999995,-3.120,18,4
1535,"1,3-BIS(1-ISOCYANATO-1-METHYLETHYL)BENZENE",244.29399999999998,-2.495,18,4
1536,"2-AMINO-3-CHLORO-1,4-NAPHTHOQUINONE",207.61599999999999,-6.347,14,0
1537,ETHYLENE GLYCOL MONOPROPYL ETHER,104.149,0.494,7,4
1538,2-OCTYNE,110.19999999999999,0.875,8,3
1539,"1-CHLORO-1,2,2,2-TETRAFLUOROETHANE",136.475,3.461,7,0
1540,"1,3-DIMETHYL-2-ETHYLBENZENE",134.22199999999998,-0.131,10,1
1541,GLUTARYL CHLORIDE,169.00699999999998,-0.932,9,4
1542,N-NONYLCYCLOHEXANE,210.40499999999994,-2.606,15,8
1543,1-OCTADECANETHIOL,286.56899999999985,-6.398,19,16
1544,1-(1-ISOCYANATO-1-METHYLETHYL)-4-(1-METHYLETHE*),201.26899999999995,-2.331,15,3
1545,3-CHLOROPHENYL ISOCYANATE,153.56799999999998,-0.712,10,1
1546,ALLYL CHLOROCARBONATE,120.535,1.301,7,2
1547,2-OCTANETHIOL,146.299,-0.148,9,5
1548,DIS. A. 15,270.29200000000003,-9.000,20,4
1549,DIS. A. 5,298.34600000000006,-10.097,22,6
1550,"1,1,3-TRIMETHYLCYCLOHEXANE",126.243,1.033,9,0
1551,"2,5-DICHLOROTHIOPHENE",153.033,0.934,7,0
1552,TERT-BUTYLCYCLOHEXANE,140.26999999999998,0.367,10,0
1553,2-BUTYLPHENOL,150.22099999999998,-1.987,11,3
1554,2-METHYLOCTANE,128.259,0.793,9,5
1555,"1,2,3,4,6,7,8,9-OCTACHLORODIBENZO-P-DIOXIN",459.754,-12.084,22,0
1556,C.I.VAT GREEN 3,449.46500000000026,-17.000,35,0
1557,"2-METHOXY-9,10-ANTHRACENEDIONE",238.242,-10.164,18,1
1558,DITHIANONE,296.332,-10.693,20,0
1559,2-BROMOHEXANE,165.07399999999998,0.860,7,3
1560,1-CHLOROOCTADECANE,288.947,-4.767,19,16
1561,3-METHYL-1-HEXENE,98.189,1.916,7,3
1562,3-METHYL-3-HEXENE,98.189,1.915,7,2
1563,"2,3-DIMETHYL-1-PENTENE",98.189,1.909,7,2
1564,2-IODOTHIOPHENE,210.03900000000002,0.906,6,0
1565,1-EICOSENE,280.53999999999996,-4.975,20,17
1566,1-NONYNE,124.22699999999999,0.797,9,5
1567,P-ETHYLSTYRENE,132.206,-0.025,10,2
1568,1-BROMOHEPTADECANE,319.3710000000001,-4.738,18,15
1569,"2,2,5-TRIMETHYLHEXANE",128.25899999999996,1.220,9,2
1570,"ETHANOL, 2-(OCTYLTHIO)-",190.35199999999995,-3.227,12,9
1571,4-(SEC-BUTYL)-2-NITROPHENOL,195.21799999999996,-2.339,14,3
1572,TETRAKIS(TRIMETHYLSILOXY)SILANE,384.8460000000002,-1.173,21,8
1573,BIS(2-ETHYLHEXYL) HYDROGEN PHOSPHITE,306.4270000000001,-4.237,20,14
1574,DIETHYLHYDROXYLAMINE,89.13799999999999,0.526,6,2
1575,CROTONIC ACID,86.08999999999999,-0.488,6,1
1576,"CYCLOHEXANE, 1,2,3,4-TETRAMETHYL-",140.26999999999998,0.117,10,0
1577,1-METHYL-3-ETHYLCYCLOPENTANE,112.216,0.799,8,1
1578,ISOMESITYL OXIDE,98.145,1.179,7,2
1579,4-METHYL-1-HEXENE,98.189,1.866,7,3
1580,ISOPROPYLCYCLOPENTANE,112.21600000000001,1.210,8,1
1581,N-PROPYLMETHYLSULFIDE,90.191,1.706,5,2
1582,"PROPANOIC ACID, 2,2-DIMETHYL-, ETHYL ESTER",130.18699999999998,1.250,9,1
1583,"HEXANOL, 6-AMINO-",117.19200000000001,-2.620,8,5
1584,"1,2-ETHANEDIAMINE, N,N'-BIS(1,1-DIMETHYLETHYL)-",172.31599999999997,-0.575,12,3
1585,PYROTATARIC ANHYDRIDE,114.09999999999998,-1.510,8,0
1586,"1,2-DIBROMODECANE",300.0779999999999,-2.428,12,9
1587,ETHYLPROPYLSULFIDE,104.218,1.274,6,3
1588,TRICHLOROACETIC ANHYDRIDE,308.759,-0.907,13,0
1589,DIPROPETRYNE,255.391,-5.796,17,6
1590,ANETHOLE (TRANS),148.20499999999996,-1.152,11,2
1591,2-METHYLBENZOFURAN,132.16199999999998,-0.312,10,0
1592,1-BROMOEICOSANE,361.45199999999994,-6.083,21,18
1593,1-IODOHEPTANE,226.101,-0.351,8,5
1594,IODONONANE,254.1549999999999,-1.564,10,7
1595,1-IODOUNDECANE,282.20899999999995,-2.354,12,9
1596,1-CYCLOHEXYLHEXANE,168.32399999999998,-0.943,12,5
1597,DIS. A. 16,284.319,-8.000,21,4
1598,4-CHLOROAZOBENZENE,216.671,-5.699,15,2
1599,1-BROMONONADECANE,347.4249999999999,-5.652,20,17
1600,CYCLOHEXANEETHANOL,128.215,-0.780,9,2
1601,"2-METHOXY-3,4-DIHYDRO-2H-PYRAN",114.144,1.037,8,1
1602,C.I. DISPERSE RED 3,267.28399999999993,-11.000,20,3
1603,6-METHYL-5-HEPTEN-2-OL,128.215,-0.565,9,3
1604,ETHYL CHLOROGLYOXYLATE,136.534,0.881,8,2
1605,2-BROMO-2-BUTENE,135.004,1.905,5,1
1606,ALPHA-CHLORDANE,409.78200000000004,-4.444,18,0
1607,CIS-NONACHLOR,444.227,-6.046,19,0
1608,CHLORDANE (TRANS),409.78200000000004,-4.298,18,0
1609,"2,4-HEXADIENE (TRANS,TRANS)",82.146,1.944,6,1
1610,1-HYDROXYPYRENE,218.255,-8.316,17,0
1611,1-(4-METHYLPHENYL)-1-PROPANONE,148.20499999999996,-1.028,11,2
1612,"2,3-BUTANEDIOL (MESO)",90.122,-0.420,6,1
1613,"2,3-DIBROMOBUTANE",215.91599999999997,0.580,6,1
1614,"2,8-DICHLORODIBENZOFURAN",237.08499999999998,-5.533,15,0
1615,"HEXANAL, 3,5,5-TRIMETHYL-",142.242,-1.097,10,3
1616,"2,2',4,4'-TETRABROMODIPHENYL ETHER",485.795,-7.155,17,2
1617,3-METHYLCYCLOHEXANOL (CIS),114.18799999999999,-0.275,8,0
1618,ISOPROPYL OCTANOATE,186.29499999999996,-0.963,13,7
1619,C.I. VIOLET 2,393.31600000000014,-9.523,24,0
1620,CHLORPYRIFOS METHYL,322.53700000000003,-4.377,16,4
1621,HEPTYLCYCLOHEXANE,182.35099999999997,-1.398,13,6
1622,TERBUTHYLAZINE,229.71499999999997,-5.951,15,3
1623,D-LIMONENE,136.238,0.297,10,1
1624,(-)-1-METHYL-4-(1-METHYLETHENYL)CYCLOHEXENE,136.238,0.158,10,1
1625,N-TRIDECYLCYCLOHEXANE,266.5129999999999,-5.039,19,12
1626,N-PENTADECYLCYCLOHEXANE,294.567,-6.461,21,14
1627,2-PENTANOL,88.15,0.786,6,2
1628,2-METHYL-1-HEXENE,98.189,1.785,7,3
1629,"2-BUTENE-1,4-DIOL (CIS)",88.10599999999998,-2.185,6,2
1630,DI (TERT-BUTYL) ETHER,130.23099999999997,1.513,9,0
1631,CHLORDIMEFORM,196.68099999999998,-3.035,13,2
1632,METHYL DECYL KETONE,184.32299999999998,-1.686,13,9
1633,"N-(2,4-DINITROPHENYL)-1,4-BENZENEDIAMINE",274.23600000000005,-10.222,20,4
1634,CLOXYFONAC,216.61999999999998,-6.176,14,4
1635,"PROPANE,1,2-DINITRATE",166.089,-0.423,11,5
1636,2-HEPTENE (CIS),98.18899999999998,1.686,7,3
1637,3-CHLORODIPHENYL ETHER,204.656,-2.425,14,2
1638,(R)-(-)-CARVONE,150.221,-0.987,11,1
1639,1-PHENYLUNDECANE,232.4109999999999,-3.616,17,10
1640,1-HEPTADECENE,238.45899999999995,-3.343,17,14
1641,SEC-BUTYL METHYL ETHER,88.14999999999999,2.318,6,2
1642,"3,4'-DICHLORODIPHENYL ETHER",239.101,-3.185,15,2
1643,DI (SEC-BUTYL) ETHER,130.23099999999997,1.212,9,4
1644,"1,2-DIMETHYLCYCLOHEXANE (TRANS)",112.216,1.288,8,0
1645,"2,4'-DICHLORODIPHENYL ETHER",239.10099999999997,-3.155,15,2
1646,MALIC ACID,134.087,-7.484,9,3
1647,2-METHYLDECANE,156.313,-0.220,11,7
1648,KASUGAMYCIN,379.36600000000004,-7.000,26,3
1649,"DL-2,3-BUTANDIOL",90.122,-0.740,6,1
1650,DIOXACARB,223.22799999999995,-6.523,16,2
1651,4-CHLOROPHENYL PHENYL ETHER,204.656,-2.569,14,2
1652,"2,4,4'-TRICHLOROBIPHENYL",257.547,-3.710,15,1
1653,S-BUTYLCYCLOHEXANE,140.26999999999998,0.371,10,2
1654,METHYL PENTADECANOATE,256.4299999999999,-3.788,18,13
1655,"2,3-DIMETHYL-2-HEXENE",112.21599999999998,1.262,8,2
1656,"2,2,3,3-TETRAMETHYLPENTANE",128.259,0.975,9,1
1657,PROPAPHOS,304.348,-6.046,19,9
1658,DIMETHYLMALONONITRILE,94.11699999999999,0.161,7,0
1659,ENDRIN ALDEHYDE,380.9129999999999,-6.699,19,1
1660,2-METHYLCYCLOHEXANOL (TRANS),114.188,0.079,8,0
1661,3-METHYLCYCLOHEXANOL (TRANS),114.18799999999999,-0.241,8,0
1662,2-METHYLCYCLOHEXANOL (CIS),114.18799999999999,0.161,8,0
1663,M-ETHYLSTYRENE,132.20599999999996,-0.095,10,2
1664,3-HEPTENE (CIS),98.189,1.726,7,3
1665,2-HEXENE (Z),84.162,2.176,6,2
1666,4-METHYLCYCLOHEXANOL (CIS),114.18799999999999,-0.484,8,0
1667,4-METHYLCYCLOHEXANOL (TRANS),114.18799999999999,-0.410,8,0
1668,"1,3-DICHLOROPROPENE (TRANS)",110.97099999999999,1.531,5,1
1669,ETHYL VINYL DICHLOROSILANE,155.09999999999997,1.230,7,2
1670,ISOPROPYL LAURATE,242.4029999999999,-2.572,17,11
1671,DIALIFOR,393.85400000000016,-7.208,23,8
1672,"1,1,2,3-TETRACHLOROPROPENE",179.86100000000002,0.428,7,1
1673,"2,3-DIMETHYL-2-PENTENE",98.189,1.701,7,1
1674,BENZOTHIOPHENE,134.203,-0.622,9,0
1675,AZADIRACHTIN,720.7210000000002,-10.569,51,6
1676,ANCYMIDOL,256.305,-6.699,19,4
1677,TERBUFOS,288.44,-3.495,15,7
1678,"PROPANE, 1,2,2,3-TETRACHLORO-",181.877,0.484,7,2
1679,PHOSPHAMIDON,299.69100000000003,-4.783,18,7
1680,2-BROMO-2-BUTENE (CIS),135.004,1.755,5,0
1681,1-PENTADECENE,210.40499999999997,-2.343,15,12
1682,2-OCTENE (TRANS),112.216,1.215,8,4
1683,"2,2,3,3-TETRAMETHYLHEXANE",142.286,0.590,10,2
1684,DECABROMOBIPHENYL,943.172,-9.400,22,1
1685,DESMEDIPHAM,300.314,-8.523,22,4
1686,SEC-BUTYLAMINE,73.139,2.250,5,1
1687,TRIPROPYLENE,128.259,1.675,9,4
1688,2-HEPTENE (TRANS),98.189,1.689,7,3
1689,PHOXIM,298.30400000000003,-4.801,19,7
1690,4-OCTENE (TRANS),112.216,1.250,8,4
1691,DIALLYL CARBONATE,142.15399999999997,-0.991,10,4
1692,"1,1,2,3,3-PENTACHLOROPROPANE",216.322,-0.028,8,2
1693,"N,N-DIETHYL-2-(1-NAPHTHALENYLOXY)PROPANAMIDE",271.36,-6.764,20,5
1694,"2,4,5-TRICHLOROBIPHENYL",257.547,-3.011,15,1
1695,2-METHYL-1-HEPTENE,112.216,1.305,8,4
1696,"1(TRANS), 2(CIS), 3-TRIMETHYLCYCLOPENTANE",112.21600000000001,1.505,8,0
1697,"2,5-DIMETHYL-3-HEXENE",112.21599999999997,1.637,8,2
1698,DL-MENTHYL ACETATE,198.30599999999998,-0.983,14,2
1699,BICYCLO(4.1.0)HEPT-3-ENE,94.15699999999998,1.360,7,0
1700,"2,4',5-TRICHLOROBIPHENYL",257.547,-3.398,15,1
1701,"N,N-DIMETHYLHYDROXYLAMINE",61.084,1.326,4,0
1702,ETHEPHON,144.49399999999997,-7.009,7,2
1703,"2,2,3-TRIMETHYLHEXANE",128.259,1.057,9,2
1704,"2,2,4-TRIMETHYLHEXANE",128.259,1.201,9,2
1705,"2,3,3-TRIMETHYLHEXANE",128.259,0.993,9,3
1706,"2,4,4-TRIMETHYLHEXANE",128.259,1.127,9,3
1707,"3,3,4-TRIMETHYLHEXANE",128.259,0.948,9,3
1708,"2,2-DIMETHYL-3-ETHYLPENTANE",128.259,1.053,9,2
1709,"2,3,3,4-TETRAMETHYLPENTANE",128.25899999999996,0.946,9,2
1710,"2,2,4,5-TETRAMETHYLHEXANE",142.286,0.780,10,2
1711,METHOMYL,162.214,-5.268,10,1
1712,EDIFENPHOS,310.38,-6.569,19,6
1713,"BUTANEDINITRILE, ETHYL-",108.144,-1.721,8,2
1714,3-METHYL-2-HEXENE,98.18899999999998,1.703,7,2
1715,BENOMYL,290.3230000000001,-8.432,21,4
1716,METHYLTRIS(TRIMETHYLSILOXY)SILANE,310.6910000000001,-1.396,17,6
1717,ETHYL EICOSANOATE,340.59200000000004,-7.717,24,19
1718,METHABENZTHIAZURON,221.285,-6.947,15,1
1719,1-IODOTETRADECANE,324.2900000000001,-3.848,15,12
1720,"1,2-DIBROMOPENTANE",229.94299999999998,0.152,7,2
1721,"1,2,3,7,8,9-HEXACHLORODIBENZO-P-DIOXIN",390.86400000000003,-10.312,20,0
1722,"1,2,3,4-TETRACHLORONAPHTHALENE",265.954,-5.538,14,0
1723,METHAZOLE,261.06399999999996,-6.000,16,1
1724,FOSTHIETAN,241.27399999999997,-5.190,13,5
1725,FENAMIPHOS,303.36400000000003,-6.000,19,7
1726,3-ETHYLACETOPHENONE,148.20499999999998,0.358,11,2
1727,BENDIOCARB,223.228,-4.462,16,1
1728,CYPRAZINE,227.69899999999998,-6.523,15,4
1729,PIRIMICARB,238.291,-5.138,17,2
1730,BUTACHLOR,311.85300000000007,-5.538,21,9
1731,1-ISOBUTOXY-2-PROPANOL,132.20299999999997,0.114,9,4
1732,PIRIMIPHOS ETHYL,333.3940000000001,-3.538,21,9
1733,HEPTENOPHOS,250.618,-2.893,15,4
1734,THIOPHANATE-METHYL,342.4020000000001,-7.147,22,2
1735,ETHYRIMOL,209.29299999999995,-5.699,15,5
1736,"2,3-BUTANEDIOL (L)",90.12199999999999,-0.260,6,1
1737,PROPAMOCARB,188.271,-1.261,13,6
1738,"3,4-DIMETHYL-2-PENTENE",98.189,1.830,7,1
1739,"2,5-DICHLORODIPHENYL ETHER",239.101,-3.000,15,2
1740,"3,4',5-TRICHLORODIPHENYL ETHER",273.546,-3.764,16,2
1741,ISOFENPHOS,345.40100000000007,-5.523,22,8
1742,DICHLOROBENZENE,147.004,0.167,8,0
1743,DICHLOROETHYLENE,96.944,2.802,4,0
1744,ISODECANOL,158.285,-1.684,11,7
1745,TERT-NONANETHIOL,160.32599999999996,-0.274,10,5
1746,METHYL ETHYL BENZENE,120.19499999999998,0.459,9,1
1747,ISOPROPYLBIPHENYL,196.29299999999998,-3.301,15,2
1748,IBP (IPROBENFOS),288.349,-4.393,18,7
1749,CHF2-O-CH(CF3)CF3,218.04299999999995,2.588,13,2
1750,ETHOFUMESATE,286.34900000000005,-5.310,19,4
1751,"3(2H)-ISOTHIAZOLONE, 2-OCTYL-",213.34599999999992,-4.434,14,7
1752,GLYCEROL DICHLOROHYDRIN,128.986,-0.096,6,2
1753,TRIFORINE,434.966,-6.699,22,6
1754,DIISODECYL PHTHALATE,446.67200000000037,-6.277,32,18
1755,HEXYNE,82.146,2.134,6,2
1756,DICHLOROPROPENE,110.97099999999999,1.380,5,0
1757,ETHYLNAPHTHALENE,156.228,-1.282,12,1
1758,NONENE,126.24300000000001,0.574,9,5
1759,NORFLURAZON,303.671,-7.539,20,2
1760,DIISOOCTYL PHTHALATE,390.5640000000002,-5.260,28,14
1761,TETRAFLUOROBENZENE,150.07399999999998,1.775,10,0
1762,THIOBENCARB,257.78600000000006,-4.658,16,4
1763,"2,6-DICHLORODIPHENYL ETHER",239.101,-2.886,15,2
1764,SEVOFLURANE,200.05299999999997,2.286,12,2
1765,DIISONONYL PHTHALATE,418.6180000000003,-6.268,30,16
1766,PRODIAMINE,350.29700000000014,-7.606,24,7
1767,BENZOXIMATE,363.7970000000001,-5.471,25,6
1768,S-AMYLBENZENE,148.24899999999997,-0.210,11,3
1769,"2,3-DICHLORODIBENZO-P-DIOXIN",253.084,-5.533,16,0
1770,ETHIOFENCARB,225.313,-5.152,15,4
1771,ACEPHATE,183.16899999999998,-5.770,10,3
1772,"1,2,3,4-TETRACHLORODIBENZO-P-DIOXIN",321.97400000000005,-7.319,18,0
1773,"2',3,4,4',5'-PCB",326.437,-5.047,17,1
1774,1-BROMO-1-BUTENE,135.004,1.885,5,1
1775,"2,3',4,4'-TETRACHLOROBIPHENYL",291.99199999999996,-4.335,16,1
1776,"2,3',4',5-TETRACHLOROBIPHENYL",291.99199999999996,-4.389,16,1
1777,"3,3',4,4'-TETRACHLOROBIPHENYL",291.99199999999996,-4.785,16,1
1778,"2,3,3',4,4'-PENTACHLORO-1,1'-BIPHENYL",326.437,-5.185,17,1
1779,AMITRAZ,293.414,-5.699,22,4
1780,ENDOSULFAN (BETA),406.9290000000001,-6.222,19,0
1781,"2,4-DICHLOROBIPHENYL",223.102,-2.860,14,1
1782,"2,3,4,5-PCB",291.99199999999996,-4.426,16,1
1783,BUTRALIN,295.339,-4.896,21,5
1784,TERBUMETON,225.29599999999996,-5.699,16,4
1785,ISOPROPALIN,309.36600000000004,-4.523,22,8
1786,"2,7-DICHLORODIBENZO-P-DIOXIN",253.08399999999997,-6.046,16,0
1787,"2,3,7-TRICHLORODIBENZO-P-DIOXIN",287.529,-7.046,17,0
1788,ISOPROTURON,206.28899999999996,-7.607,15,2
1789,CHLOROUNDECANE,190.75799999999998,-1.514,12,8
1790,CHLOROTRIDECANE,218.81199999999995,-2.504,14,10
1791,CHLOROPENTADECANE,246.8659999999999,-3.455,16,12
1792,HEXACHLORODIBENZO-P-DIOXIN,390.8639999999999,-10.357,20,0
1793,DIPROPYLENE GLYCOL METHYL ETHER,148.202,-0.260,10,6
1794,"2,5-DICHLOROBIPHENYL",223.10200000000003,-2.860,14,1
1795,"2,4'-DICHLOROBIPHENYL",223.10200000000003,-2.680,14,1
1796,"2,4,5,2',4',5'-HEXACHLOROBIPHENYL",360.88199999999995,-5.465,18,1
1797,"2,2',3,4,4',5'-HEXACHLOROBIPHENYL",360.88199999999995,-5.420,18,1
1798,"2,2',3,4,4',5,5'-HEPTACHLOROBIPHENYL",395.327,-6.010,19,1
1799,"2,2',3,3',4,4',5-HEPTACHLOROBIPHENYL",395.3270000000001,-6.202,19,1
1800,TEBUTAM,233.35499999999996,-3.175,17,3
1801,DIFLUBENZURON,310.687,-9.046,21,2
1802,SULPROFOS,322.45700000000005,-5.921,18,8
1803,"2,4,6-TRICHLOROBIPHENYL",257.547,-3.145,15,1
1804,1-HEXADECANOL,242.44699999999992,-5.222,17,14
1805,ROVRAL (IPRODIONE),330.17099999999994,-8.426,21,2
1806,"2,2',5-TRICHLOROBIPHENYL",257.547,-2.979,15,1
1807,"2,4,5,2',5'-PENTACHLOROBIPHENYL",326.437,-4.599,17,1
1808,"ACETAMIDE, 2,2-DICHLORO-N,N-DI-2-PROPENYL-",208.088,-2.222,12,5
1809,PERFLUIDONE,379.38100000000003,-5.046,24,4
1810,ETRIMFOS,292.297,-4.097,18,7
1811,"2,2',4,4',5-PENTACHLOROBIPHENYL",326.437,-4.658,17,1
1812,"2,2',3,4,5'-PENTACHLOROBIPHENYL",326.437,-4.770,17,1
1813,"2,2',3,4',5',6-PCB",360.88199999999995,-5.074,18,1
1814,"2,3,3',4,4',5-HEXACHLOROBIPHENYL",360.88200000000006,-5.793,18,1
1815,"2',3,4-TRICHLOROBIPHENYL",257.54699999999997,-3.987,15,1
1816,"2,8-DICHLORODIBENZO-P-DIOXIN",253.084,-5.979,16,0
1817,OCTACHLORODIBENZOFURAN,443.7550000000001,-11.426,21,0
1818,"2,7-DIBROMODIBENZO-P-DIOXIN",341.986,-5.947,16,0
1819,THIOFANOX,218.322,-3.770,14,3
1820,"1,2,3,4,7,8-HEXACHLORODIBENZO-P-DIOXIN",390.86400000000003,-10.417,20,0
1821,1-CHLORODIBENZO-P-DIOXIN,218.63899999999998,-4.046,15,0
1822,"1,2,4-TRICHLORODIBENZO-P-DIOXIN",287.529,-6.125,17,0
1823,"1,2,3,4,7-PENTACHLORODIBENZO-P-DIOXIN",356.41899999999987,-9.180,19,0
1824,"1,2,4,6,7,9-HEXACHLORODIBENZO-P-DIOXIN",390.86400000000003,-10.292,20,0
1825,TRANS-NONACHLOR,444.227,-6.000,19,0
1826,OXADIARGYL,341.19400000000013,-7.726,22,3
1827,"1,2,3,7,8-PENTACHLORODIBENZO-P-DIOXIN",356.419,-9.362,19,0
1828,PENDIMETHALIN,281.31199999999995,-4.523,20,6
1829,PROFENOFOS,373.6360000000002,-6.046,18,7
1830,HYDROPRENE,266.425,-3.613,19,9
1831,"2,4,4'-TRIBROMODIPHENYL ETHER",406.89900000000006,-6.174,16,2
1832,"2,2',4,5'-TETRACHLOROBIPHENYL",291.99199999999996,-5.072,16,1
1833,"2,2',5,6'-TETRACHLOROBIPHENYL",291.99199999999996,-4.648,16,1
1834,BUPIRIMATE,316.4270000000001,-6.125,21,8
1835,TRICYCLAZOLE,189.243,-6.699,13,0
1836,1-CHLOROEICOSANE,317.001,-5.620,21,18
1837,BIFENOX,342.134,-7.000,22,4
1838,DAIMURON,268.36,-8.470,20,3
1839,OXYFLUORFEN,361.703,-6.699,24,5
1840,TRIADIMEFON,293.754,-7.824,20,4
1841,"1,2,3-TRICHLORONAPHTHALENE",231.50900000000001,-4.699,13,0
1842,IPT (ISOPROTHIOLANE),290.40600000000006,-1.845,18,4
1843,DIMETHACHLOR,255.74499999999995,-4.947,17,5
1844,"2,3-DIBROMODIBENZO-P-DIOXIN",341.98600000000005,-5.921,16,0
1845,"2,3-DIBROMO-7,8-DICHLORODIBENZO-P-DIOXIN",410.8760000000001,-8.333,18,0
1846,"2,3,7,8-TETRABROMODIBENZO-P-DIOXIN",499.7780000000001,-8.319,18,0
1847,"2,3-DIBROMO-7,8-DIFLUORODIBENZO-P-DIOXIN",377.96600000000007,-7.745,18,0
1848,ACIFLUORFEN-ME,375.6860000000001,-7.125,25,4
1849,BUTYL NONANOATE,214.34899999999993,-1.670,15,10
1850,VX,267.375,-3.155,16,8
1851,HEXAZINONE,252.31799999999993,-6.648,18,2
1852,DICLOFOP-METHYL,341.1900000000001,-5.456,22,5
1853,THIDIAZURON,220.25700000000003,-10.638,15,2
1854,"2,4-DICHLORODIPHENYL ETHER",239.101,-3.036,15,2
1855,2-ETHYLANTHRACENE,206.28799999999998,-5.281,16,1
1856,PERMETHRIN,391.2940000000001,-7.662,26,6
1857,"2,2',3,3',4,4',6-HEPTACHLOROBIPHENYL",395.3270000000001,-5.854,19,1
1858,"2,2',3,3',5,6-HEXACHLOROBIPHENYL",360.88199999999995,-5.959,18,1
1859,DELTAMETHRIN,505.2060000000002,-7.824,28,6
1860,PYRIMETHANIL,199.257,-4.783,15,2
1861,"1,2,3,5-TETRACHLORONAPHTHALENE",265.954,-4.963,14,0
1862,ETHALFLURALIN,333.266,-4.057,23,6
1863,"CARBAMIC ACID, [(DIBUTYLAMINO)THIO]METHYL-, 2,3-",380.5540000000002,-6.513,26,9
1864,DIMETHIPIN,210.27599999999998,-6.417,12,0
1865,"2,2',3,4,5-PENTACHLOROBIPHENYL",326.437,-4.156,17,1
1866,TRICLOPYR,256.4719999999999,-5.900,14,3
1867,N-DECYL CHLOROFORMATE,220.73999999999992,-1.590,14,9
1868,8-MEHTYL-1-NONANOL,158.285,-1.684,11,7
1869,"3,4-DICHLORODIPHENYL ETHER",239.101,-3.185,15,2
1870,ISOURON,211.26499999999996,-6.417,15,1
1871,FLURPRIMIDOL,312.29099999999994,-6.439,22,4
1872,ALPHA-CHLORDENE,338.876,-4.602,16,0
1873,BETA-CHLORDENE,338.876,-4.699,16,0
1874,TOLCLOFOS-METHYL,301.13100000000003,-3.367,16,4
1875,"3,4,5-TRICHLORO-2-METHOXYPHENOL",227.47400000000002,-3.046,12,1
1876,"2,3,4,7,8-PENTACHLORODIBENZOFURAN",340.41999999999996,-8.580,18,0
1877,"DIBENZOFURAN, 2,3,6,8-TETRACHLORO-",305.975,-7.710,17,0
1878,"DIBENZOFURAN, 2,4,6,7-TETRACHLORO-",305.975,-7.481,17,0
1879,"DIBENZOFURAN, 1,2,3,6,7-PENTACHLORO-",340.4200000000001,-8.648,18,0
1880,"1,2,3,6,7,8-HEXACHLORODIBENZO-P-DIOXIN",390.86400000000003,-10.444,20,0
1881,METALAXYL,279.336,-5.250,20,5
1882,"1,2-DINITROANTHRAQUINONE",298.21,-11.155,22,2
1883,"1,1,1,2,3,3-HEXAFLUORO-4-METHOXYBUTANE",196.08999999999997,1.785,12,3
1884,"1,2,4,7,8-PENTACHLORODIBENZO-P-DIOXIN",356.419,-9.233,19,0
1885,"1,2,4,7,8-PENTACHLORODIBENZOFURAN",340.41999999999996,-8.824,18,0
1886,"DIBENZOFURAN, 1,2,7,8-TETRACHLORO-",305.975,-7.745,17,0
1887,"1,2,3,4,5,6,7-HEPTACHLORONAPHTHALENE",369.289,-7.071,17,0
1888,"2,4,4'-TRICHLORODIPHENYL ETHER",273.546,-3.815,16,2
1889,THIODICARB,354.4790000000001,-4.155,21,4
1890,FLURIDONE,329.321,-7.011,24,2
1891,FENARIMOL,331.202,-6.648,22,3
1892,PROPICONAZOLE,342.22600000000006,-6.377,22,5
1893,"2,2',4,4',5-PENTABROMODIPHENYL ETHER",564.691,-7.509,18,2
1894,FLUROCHLORIDONE,312.118,-5.481,19,2
1895,"2',3,4-TRICHLORODIPHENYL ETHER",273.546,-3.854,16,2
1896,1-CHLOROHEPTADECANE,274.91999999999996,-4.337,18,15
1897,3-METHYL-4-((4-NITROPHENYL)AZO)BENZENAMINE,256.265,-9.147,19,3
1898,FLUMETRALIN,421.7340000000001,-6.620,28,6
1899,BROMETHALIN,577.933,-7.013,27,4
1900,"3,4,4'-TRICHLORODIPHENYL ETHER",273.546,-3.983,16,2
1901,FLAMPROP-M-ISOPROPYL,363.816,-6.195,25,5
1902,DIOFENOLAN,300.354,-6.084,22,6
1903,4-NONYLPHENYL DIPHENYL PHOSPATE,452.53100000000006,-7.721,32,14
1904,"DIBENZOFURAN, 1,3,7,9-TETRACHLORO-",305.975,-7.726,17,0
1905,CHLORSULFURON,357.7790000000001,-10.648,23,4
1906,"2,4',5-TRICHLORODIPHENYL ETHER",273.546,-3.764,16,2
1907,CYROMAZINE,166.18799999999996,-8.474,12,2
1908,PENCONAZOLE,284.19000000000005,-5.556,18,5
1909,FLUTOLANIL,323.3140000000001,-7.312,23,4
1910,TRALOMETHRIN,665.0140000000001,-10.444,30,6
1911,FENPROPIDIN,273.46399999999994,-3.893,20,4
1912,"DIBENZOFURAN, 2,3,4,6,8-PENTACHLORO-",340.4200000000001,-8.726,18,0
1913,HYDRAMETHYLNON,494.48300000000006,-7.693,35,5
1914,"DIBENZOFURAN, 1,2,3,4,8-PENTACHLORO-",340.41999999999996,-8.444,18,0
1915,"DIBENZOFURAN, 1,2,3,4,6,7,8-HEPTACHLORO-",409.30999999999995,-10.452,20,0
1916,PROCHLORAZ,376.67100000000005,-5.947,23,6
1917,"1,2,4,7-TETRACHLORONAPHTHALENE",265.954,-5.071,14,0
1918,"1,2,3,4,6-PENTACHLORONAPHTHALENE",300.399,-5.959,15,0
1919,3(OR 4)-METHYL-2-NITROPHENOL (MIXTURE),153.13699999999997,-1.108,11,1
1920,FORCHLORFENURON,247.685,-9.462,17,2
1921,BENFURESATE,256.323,-4.680,17,3
1922,TRIFLUMIZOLE,345.75199999999995,-5.854,23,5
1923,"2,2',4-TRICHLORODIPHENYL ETHER",273.546,-3.726,16,2
1924,BUPROFEZIN,305.447,-5.027,21,2
1925,HALOXYFOP-METHYL,375.72999999999996,-5.222,25,5
1926,"1-(DIFLUOROMETHOXY)-1,1,2-TRIFLUOROETHANE",150.046,2.568,9,3
1927,FLUCYTHRINATE,451.4690000000001,-8.060,33,9
1928,METALAXYL-M,279.336,-4.606,20,5
1929,FENOXAPROP-ETHYL,361.78100000000006,-7.523,25,6
1930,PYRAZOXYFEN,403.2650000000001,-6.444,27,6
1931,"DIBENZOFURAN, 1,3,6,8-TETRACHLORO-",305.975,-7.569,17,0
1932,CHLOZOLINATE,332.1389999999999,-7.022,21,3
1933,TRIAZOXIDE,247.645,-8.648,17,1
1934,FENOXYCARB,301.34200000000004,-8.187,22,7
1935,FLURAZOLE,321.707,-6.533,20,3
1936,IMIPROTHRIN,318.3730000000001,-7.870,23,5
1937,SETHOXYDIM,327.49,-6.796,22,9
1938,CLOFENTEZINE,303.15200000000004,-9.011,20,2
1939,FENPICLONIL,237.089,-7.081,15,1
1940,FENOXYCARB,301.34200000000004,-8.222,22,7
1941,HARMONY,387.3990000000001,-9.893,25,5
1942,IMAZAMETHABENZ (ISOMER MIX),288.34700000000004,-7.947,21,3
1943,CLOMAZONE,239.70200000000003,-3.842,16,2
1944,ISOXABEN,332.40000000000015,-8.384,24,7
1945,ALANYCARB,399.5380000000001,-7.456,26,9
1946,DIFLUFENICAN,394.299,-7.498,28,4
1947,CHLOZOLINATE,332.1390000000001,-7.013,21,3
1948,FLUSILAZOLE,315.39900000000006,-6.533,22,4
1949,ESPROCARB,265.42199999999997,-5.120,18,5
1950,HEXAFLUMURON,461.14500000000004,-6.354,29,5
1951,DIMETHENAMID,275.801,-3.561,17,5
1952,"1,2,4,5,6,8-HEXACHLORONAPHTHALENE",334.84399999999994,-6.456,16,0
1953,CHLORIMURON-ETHYL,414.82700000000017,-11.398,27,6
1954,"1,6-DIBROMODIBENZO-P-DIOXIN",341.986,-5.947,16,0
1955,LAMBDA-CYHALOTHRIN,449.8560000000001,-8.824,31,6
1956,"FLUCYCLOXURON,(E)-ISOMER",483.90200000000027,-9.393,34,7
1957,"FLUCYCLOXURON,(Z)-ISOMER",483.90200000000027,-9.393,34,7
1958,TRINEXAPAC-ETHYL,252.26599999999993,-4.790,18,3
1959,CADUSAFOS,270.4,-3.046,15,8
1960,FOSTHIAZATE,283.355,-5.377,16,6
1961,ICIA0051 (SULCOTRIONE),328.7730000000001,-7.426,21,3
1962,CLOQUINTOCET-MEXYL,335.8310000000002,-7.398,23,8
1963,"1,2,3,5,7,8-HEXACHLORONAPHTHALENE",334.84399999999994,-6.456,16,0
1964,DIFETHIALONE,539.4940000000001,-6.256,35,3
1965,CLODINAFOP-PROPARGYL,349.745,-7.620,24,6
1966,"2,8-DIBROMODIBENZO-P-DIOXIN",341.98599999999993,-5.893,16,0
1967,2-MONOBROMODIBENZO-P-DIOXIN,263.09,-4.523,15,0
1968,FENPYROXIMATE,421.4970000000001,-7.249,31,7
1969,HALFENPROX,477.345,-8.234,30,9
1970,TRIAZAMATE,314.41100000000006,-6.921,21,4
1971,TEBUFENOZIDE,352.47800000000007,-7.648,26,3
1972,BROMUCONAZOLE,377.06899999999996,-7.523,20,3
1973,FLUTHIACET-METHYL,403.88800000000026,-8.480,25,4
1974,THIAZOPYR,396.38100000000014,-5.648,26,5
1975,KWG 4168,297.483,-3.893,21,5
1976,FLUPOXAM,460.79,-6.824,31,7
1977,DIFENOCONAZOLE,406.2690000000001,-9.602,27,5
1978,FIPRONIL,437.1520000000001,-8.556,26,2
1979,AZIMSULFURON,424.40300000000013,-10.523,29,6
1980,AMIDOSULFURON,369.38100000000014,-6.783,23,6
1981,CGA 219417 (CYPRODINIL),225.29500000000002,-5.434,17,3
1982,FURILAZOLE,278.135,-7.305,17,2
1983,IMAZOSULFURON,412.81500000000017,-9.471,27,5
1984,SULFENTRAZONE,387.1950000000001,-9.011,23,4
1985,RIMSULFURON,431.45200000000017,-7.947,28,7
1986,"QUINOLINE, 5,7-DICHLORO-4-(4-FLUOROPHENOXY)-",308.139,-6.824,20,2
1987,CARFENTRAZONE-ETHYL,412.1950000000001,-6.921,26,6
1988,FLUDIOXONIL,248.188,-8.533,18,1
1989,AZOXYSTROBIN,403.3940000000002,-12.084,30,7
1990,INDANOFAN,340.80600000000004,-7.699,24,4
1991,SSF-126,284.315,-6.870,21,5
1992,CGA 245704,210.283,-5.481,13,1
1993,PYRIMINOBAC-METHYL,361.35400000000016,-6.638,26,7
1994,ISOXAFLUTOLE,359.32500000000005,-8.125,24,4
1995,SULFOSULFURON,470.4890000000003,-9.180,31,7
1996,D2341 (BIFENAZATE),300.358,-7.125,22,5
1997,"1,2,3,5,8-PENTACHLORONAPHTHALENE",300.399,-6.000,15,0
1998,ETOXAZOLE,359.41600000000017,-7.785,26,4
1999,"2,3',4-TRICHLORODIPHENYL ETHER",273.546,-3.745,16,2
2000,"2,3,4'-TRICHLORODIPHENYL ETHER",273.546,-3.943,16,2
2001,"2,4',6-TRICHLORODIPHENYL ETHER",273.546,-3.656,16,2
2002,"2,3,5-TRICHLORODIPHENYL ETHER",273.546,-3.656,16,2
2003,"2,3,6-TRICHLORODIPHENYL ETHER",273.546,-3.545,16,2
2004,"2,2',3,4,4'-PENTABROMODIPHENYL ETHER",564.691,-8.143,18,2
2005,"2,3,3',4,4,',5,6-HEPTABROMODIPHENYL ETHER",722.483,-9.456,20,2
