,Name,Molecular weight,Vapour pressure,Havy atoms,Rotatable bonds,Boling point
0,BENZO(A)PYRENE,252.316,-8.260,20,0,495
1,O-ETHYL CARBAMATE (URETHANE),89.09400000000001,-0.582,6,1,185
2,"DIBENZ(A,H)ANTHRACENE",278.354,-9.020,22,0,524
3,"1,2,3-PROPANETRIOL TRINITRATE",227.08499999999998,-3.398,15,8,250
4,GLYCEROL,92.09399999999998,-3.775,6,2,290
5,"1,2-PROPANEDIOL",76.095,-0.889,5,1,187.6
6,DIETHYL ETHER,74.12299999999999,2.731,5,2,34.6
7,LINOLEIC ACID,280.452,-6.061,20,14,365.2
8,METHYL HYDRAZINE,46.073,1.699,3,0,87.5
9,P-PHENACETIN,179.21899999999994,-6.160,13,3,243.5
10,ETHYL METHANESULFONATE,124.16099999999999,-0.686,7,2,213.5
11,DICHLORVOS,220.976,-1.801,11,4,234.1
12,1-NAPHTHYL-N-METHYLCARBAMATE,201.22500000000002,-5.866,15,1,315
13,FORMIC ACID,46.025000000000006,1.629,3,0,101
14,DIETHYL SULFATE,154.18699999999998,-0.674,9,4,208
15,BENZOIC ACID,122.12299999999996,-3.155,9,1,249.2
16,METHANOL,32.042,2.104,2,0,64.7
17,O-METHYLHYDROXYLAMINE,47.057,2.464,3,0,49.5
18,ACETONE,58.080000000000005,2.365,4,0,56
19,DIMETHYL SULFOXIDE,78.13600000000001,-0.215,4,0,189
20,"N,N'-DIMETHYLFORMAMIDE",73.095,0.588,5,1,153
21,1-PROPANOL,60.096000000000004,1.322,4,1,97.2
22,1-BUTANOL,74.12299999999999,0.826,5,2,117.7
23,1-PENTANOL,88.14999999999999,0.342,6,3,137.9
24,"1,1,1-TRICHLOROETHANE",133.405,2.093,5,0,74
25,"P,P'-DDD",320.04600000000005,-5.870,18,3,350
26,METHYL BROMIDE,94.939,3.210,2,0,3.5
27,ETHANE,30.07,4.498,2,0,-88.6
28,ACETYLENE,26.037999999999997,4.562,2,0,-84.7
29,METHYL CHLORIDE,50.488,3.633,2,0,-24
30,METHYL IODIDE,141.939,2.607,2,0,42.5
31,METHYLAMINE,31.058,3.423,2,0,-6.3
32,METHANETHIOL,48.11000000000001,3.179,2,0,5.9
33,PROPANE,44.096999999999994,3.854,3,0,-42.1
34,PROPYNE,40.065,3.634,3,0,-23.2
35,IODOETHANE,155.966,2.134,3,0,72.5
36,ACETONITRILE,41.053,1.948,3,0,81.6
37,ACETALDEHYDE,44.053,2.955,3,0,20.1
38,DICHLOROMETHANE,84.93299999999999,2.638,3,0,40
39,METHYLENE IODIDE,267.835,0.079,3,0,182
40,FORMAMIDE,45.041,-1.215,3,0,220
41,CYCLOPROPANE,42.080999999999996,3.733,3,0,-32.8
42,BROMOFORM,252.731,0.732,4,0,149.1
43,2-BROMOPROPANE,122.993,2.334,4,0,59.5
44,2-METHYLPROPANE,58.123999999999995,3.417,4,0,-11.7
45,2-PROPANETHIOL,76.164,2.442,4,0,52.5
46,"1,1-DICHLOROETHANE",98.96000000000001,2.356,4,0,57.4
47,"1,1-DICHLOROETHENE",96.944,2.778,4,0,31.6
48,"1,1-DIFLUOROETHANE",66.05,3.658,4,0,-24.9
49,DICHLOROFLUOROMETHANE,102.92300000000002,3.134,4,0,8.9
50,TRIFLUOROMETHANE,70.013,4.548,4,0,-82.1
51,TRIMETHYLAMINE,59.111999999999995,3.207,4,0,2.87
52,NITROMETHANE,61.040000000000006,1.554,4,0,101.1
53,DICHLOROMETHYLSILANE,115.035,2.632,4,0,41
54,2-METHYLAZIRIDINE,57.096,2.146,4,0,67
55,BROMOTRIFLUOROMETHANE,148.909,4.086,5,0,-57.8
56,T-BUTYLAMINE,73.13900000000001,2.571,5,0,45
57,2-METHYL-2-PROPANETHIOL,90.19099999999999,2.258,5,0,64
58,"1-CHLORO-1,1-DIFLUOROETHANE",100.495,3.405,5,0,-9.7
59,CHLOROTRIFLUOROMETHANE,104.45800000000001,4.330,5,0,-81.4
60,TETRAFLUOROMETHANE,88.00300000000001,5.243,5,0,-128
61,TETRAMETHYLSILANE,88.22599999999998,2.856,5,0,26.6
62,CHLOROTRIMETHYLSILANE,108.64399999999999,2.369,5,0,60
63,DICHLORODIMETHYLSILANE,129.06199999999998,2.158,5,0,70.3
64,METHYLTRICHLOROSILANE,149.48,2.223,5,0,65.6
65,ACETONE CYANOHYDRIN,85.10600000000001,-0.467,6,0,171
66,VINYLTRICHLOROSILANE,161.49099999999999,1.819,6,1,91.5
67,"3,3-DIMETHYL-2-BUTANONE",100.16099999999999,1.498,7,0,106.1
68,"2,2-DIMETHYL PROPANOIC ACID",102.133,-0.301,7,0,164
69,PENTACHLOROETHANE,202.29500000000002,0.544,7,0,159.8
70,TRIFLUOROACETIC ACID,114.02200000000002,2.041,7,0,73
71,TRICHLORONITROMETHANE,164.375,1.377,7,0,112
72,"1,1,1,2-TETRACHLORO-2,2-DIFLUOROETHANE",203.83,1.778,8,0,91.5
73,"1,1,2,2,-TETRACHLORODIFLUOROETHANE",203.83,1.703,8,1,93
74,"1,1,2-TRICHLOROTRIFLUOROETHANE",187.37500000000003,2.560,8,1,47.7
75,CHLOROPENTAFLUOROETHANE,154.465,3.836,8,0,-37.9
76,HEXAFLUOROETHANE,138.01000000000002,4.400,8,0,-78.1
77,CAMPHOR,152.23699999999997,-0.187,11,0,204
78,HEPTACHLOR,373.321,-3.398,17,0,310
79,BORNYL ACETATE,196.29,-0.642,14,1,221
80,DICYCLOPENTADIENE,132.206,0.360,10,0,170
81,3-METHYL-3-PENTANOL,102.17699999999999,0.745,7,2,122.4
82,"2,2-DIMETHOXYPROPANE",104.149,2.009,7,2,83
83,TABUN,162.129,-1.155,10,3,240
84,"1,1,1-TRIS(HYDROXYMETHYL)PROPANE",134.175,-4.348,9,4,289
85,ETHYL SILICATE,208.32999999999996,0.274,13,8,168.8
86,ISOPHORONE,138.20999999999998,-0.359,10,0,215.2
87,DIMETHYL DIETHOXYSILANE,148.278,1.301,9,4,114
88,LINALOOL,154.253,-0.796,11,4,197
89,"1,2-DIBROMOPROPANE",201.88899999999998,0.894,5,1,141.9
90,2-BROMOBUTANE,137.02,1.756,5,1,91.2
91,ISOPENTANE,72.151,2.838,5,1,27.8
92,ISOBUTYLAMINE,73.139,2.140,5,1,68.5
93,2-METHYLPROPANENITRILE,69.107,1.515,5,0,103.9
94,ISOBUTYL ALCOHOL,74.123,1.021,5,1,107.8
95,ISOBUTYRALDEHYDE,72.107,2.238,5,1,64.5
96,METHACROLEIN,70.091,2.190,5,1,68.4
97,"1,2-DICHLOROPROPANE",112.987,1.727,5,1,95.5
98,"2,3-DICHLOROPROPENE",110.971,1.787,5,1,94
99,"1,2-DIAMINOPROPANE",74.127,1.025,5,1,119.5
100,2-BUTANOL,74.123,1.262,5,1,99.5
101,"1,1,2-TRICHLOROETHANE",133.405,1.362,5,1,113.8
102,TRICHLOROETHENE,131.389,1.839,5,0,87.2
103,DICHLOROACETALDEHYDE,112.943,1.744,5,1,89.2
104,CHLOROACETYLCHLORIDE,112.94300000000001,1.401,5,1,106
105,BROMOACETIC ACID,138.948,-0.924,5,1,208
106,PROPIONIC ACID,74.07900000000001,0.548,5,1,141.1
107,ACRYLIC ACID,72.06300000000002,0.599,5,1,141.2
108,CHLOROACETIC ACID,94.49700000000001,-1.187,5,1,189.3
109,METHYL ACETATE,74.07900000000001,2.334,5,0,56.8
110,PEROXYACETIC ACID,76.05099999999999,1.161,5,0,110
111,NITROETHANE,75.067,1.318,5,1,114
112,"1,1,2,2-TETRABROMOETHANE",345.654,-1.699,6,1,243.5
113,"2,3-DIMETHYLBUTANE",86.17799999999998,2.371,6,1,57.9
114,ISOBUTYRIC ACID,88.10599999999998,0.258,6,1,154.4
115,"1,1,2,2-TETRACHLOROETHANE",167.85000000000002,0.665,6,1,146.5
116,CHLOROTRIFLUOROETHYLENE,116.46900000000001,3.662,6,0,-27.8
117,METHACRYLIC ACID,86.08999999999999,-0.004,6,1,163
118,DICHLOROACETIC ACID,128.942,-0.747,6,1,194
119,DIMETHYLCARBAMYL CHLORIDE,107.53999999999999,0.290,6,0,167
120,2-NITROPROPANE,89.094,1.236,6,1,120.2
121,P-TERT-AMYLPHENOL,164.24799999999996,-2.699,12,2,262.5
122,ALPHA-PINENE,136.23799999999997,0.677,10,0,155.9
123,TIGLIC ACID,100.11699999999999,-0.876,7,1,198.5
124,ACENAPHTHENE,154.212,-2.668,12,0,279
125,3-METHYLINDOLE,131.17799999999997,-2.256,10,0,266
126,"1,2-DIMETHYL-3-NITROBENZENE",151.165,-0.445,11,1,240
127,DIETHYL PHTHALATE,222.23999999999995,-2.678,16,4,295
128,DIBUTYL PHTHALATE,278.34799999999996,-4.697,20,8,340
129,BENZO(F)QUINOLINE,179.22199999999998,-4.252,14,0,352
130,BUTYL BENZYL PHTHALATE,312.365,-5.084,23,7,370
131,CARBAZOLE,167.21099999999998,-6.125,13,0,354.7
132,PHTHALIDE,134.134,-2.699,10,0,290
133,"2,3-DIMETHYLANILINE",121.18299999999998,-1.125,9,0,221.5
134,"2,6-DICHLOROPHENOL",163.003,-1.481,9,0,220
135,"1,2,3-TRIHYDROXYBENZENE",126.11099999999995,-3.320,9,0,309
136,HEXAMETHYLBENZENE,162.27599999999998,-3.066,12,0,263.4
137,PENTACHLOROPHENOL,266.33799999999997,-3.959,12,0,309.5
138,"2,4,6-TRICHLOROPHENOL",197.44799999999998,-2.097,10,0,246
139,2-ETHYLBUTYRIC ACID,116.16,-0.726,8,3,194
140,CHLORO(TRIFLUOROMETHYL)BENZENE,180.556,0.706,11,0,152.2
141,O-T-BUTYLPHENOL,150.22099999999998,-1.046,11,0,223
142,2-NITROTOLUENE,137.13799999999998,-0.726,10,1,222
143,2-CHLORO-1-NITROBENZENE,157.55599999999995,-1.740,10,1,245.5
144,MENTHOL,156.26899999999998,-0.959,11,1,212
145,PULEGONE,152.23699999999997,-0.910,11,0,224
146,2-METHOXYANILINE,123.15499999999997,-1.097,9,1,224
147,2-METHOXYPHENOL,124.13899999999997,-0.987,9,1,205
148,1-METHYLNAPHTHALENE,142.201,-1.174,11,0,244.7
149,"1,2-DIMETHOXYBENZENE",138.16599999999997,-0.328,10,2,206
150,NAPHTHALENE,128.17399999999998,-1.071,10,0,217.9
151,2-CHLORONAPHTHALENE,162.61899999999997,-1.914,11,0,256
152,2-NAPHTHYLAMINE,143.18899999999996,-3.592,11,0,300
153,COUMARIN,146.14499999999998,-3.009,11,0,301.7
154,"N,N-DIETHYLANILINE",149.237,-0.866,11,3,216.3
155,M-TERPHENYL,230.31000000000003,-4.757,18,2,363
156,DICYCLOHEXYL,166.30799999999996,-0.967,12,1,238
157,BIPHENYL,154.212,-2.049,12,1,256.1
158,1-PHENYLPIPERAZINE,162.23599999999996,-2.264,12,1,286.5
159,1-(2-NAPHTHALENYL)ETHANONE,170.21099999999998,-3.214,13,1,302
160,METHYLEUGENOL,178.231,-1.921,13,4,254.7
161,EUGENYL ACETATE,206.24099999999996,-2.496,15,4,281
162,"BENZENEACETALDEHYDE, .ALPHA.-METHYL-",134.17799999999997,-0.569,10,2,203.5
163,"BENZOIC ACID, METHYL ESTER",136.14999999999998,-0.420,10,1,199
164,ETHYL BENZOATE,150.177,-0.573,11,2,212
165,"BENZOIC ACID, ANHYDRIDE",226.231,-3.928,17,2,360
166,"1-BUTANOL, 3-METHYL-, BENZOATE",192.25799999999998,-0.848,14,4,261
167,2-METHYL-4-CHLOROPHENOXYACETIC ACID,200.62099999999998,-5.229,13,3,286.74
168,"2,4-DICHLOROBENZYLCHLORIDE",195.476,-1.485,10,1,248
169,INDENE,116.16299999999997,0.041,9,0,182
170,O-BROMOTOLUENE,171.037,0.017,8,0,181.7
171,O-CRESOL,108.13999999999997,-0.524,8,0,191
172,O-TOLUIDINE,107.15599999999998,-0.585,8,0,200.3
173,"1,2-BENZENEDIAMINE",108.14399999999998,-2.686,8,0,257
174,"2,4-DIMETHYLANILINE",121.18299999999998,-0.876,9,0,214
175,"2,4-DICHLOROTOLUENE",161.031,-0.339,9,0,201
176,"3,4-DICHLOROTOLUENE",161.031,-0.502,9,0,208.9
177,"3,4-DICHLOROANILINE",162.019,-2.199,9,0,272
178,"2,5-DIMETHYLPHENOL",122.16699999999997,-0.807,9,0,211.1
179,"1,2,4,5-TETRACHLOROBENZENE",215.894,-2.268,10,0,244.5
180,"2,4,5-TRICHLOROPHENOL",197.448,-2.125,10,0,247
181,"1,2,3-TRICHLOROPROPANE",147.43200000000002,0.567,6,2,157
182,METHYL ACRYLATE,86.09,1.938,6,1,80.2
183,METHYLCYCLOPENTANE,84.162,2.140,6,0,71.8
184,2-METHYLTETRAHYDROFURAN,86.134,1.988,6,0,78
185,"1,3-DIOXOLAN-2-ONE",88.062,-2.009,6,0,248
186,EUGENOL,164.20399999999995,-1.646,12,3,253.2
187,2-METHOXY-4-(1-PROPENYL)PHENOL,164.20399999999998,-1.921,12,2,266
188,ETHYL ISOBUTYRATE,116.16,1.405,8,2,110.1
189,ETHYL LACTATE,118.13199999999999,0.574,8,2,154
190,ISOBUTYL ISOBUTYRATE,144.21399999999997,0.636,10,3,148.6
191,"METHACRYLIC ACID, I-BUTYL ESTER",142.19799999999998,0.560,10,3,155
192,"METHACRYLIC ACID, N-BUTYL ESTER",142.198,0.326,10,4,160
193,TETRAHYDROFURFURYL ALCOHOL,102.133,-0.096,7,1,178
194,FUFURAL,96.08499999999998,0.344,7,1,161.7
195,BENZOTRICHLORIDE,195.47600000000003,-0.383,10,0,221
196,PHENYLTRICHLOROSILANE,211.55100000000002,-0.371,10,1,201
197,4-(T-BUTYL)-2-CRESOL,164.24799999999996,-1.550,12,0,237
198,M-TRIFLUOROMETHYLNITROBENZENE,191.10799999999998,-0.587,13,1,202.8
199,P-T-BUTYLYPHENOL,150.22099999999998,-1.419,11,0,237
200,ALPHA-METHYLSTYRENE,118.17899999999996,0.279,9,1,165.4
201,(DICHLOROMETHYL)BENZENE,161.031,-0.328,9,1,205
202,BENZOYL CHLORIDE,140.569,-0.155,9,1,197.2
203,3-NITROTOLUENE,137.138,-0.688,10,1,232
204,"1,3,5-TRINITROBENZENE",213.105,-5.191,15,3,315
205,"3,4-DICHLORONITROBENZENE",192.00099999999998,-1.987,11,1,255.5
206,"1,3-DINITROBENZENE",168.10799999999995,-3.046,12,2,291
207,P-(SEC-BUTYL)PHENOL,150.221,-1.429,11,2,241
208,P-MENTHANE,140.26999999999998,0.430,10,1,170.7
209,ALPHA-PHELLANDRENE,136.238,0.146,10,1,172
210,P-CYMENE,134.22199999999998,0.164,10,1,177.1
211,P-ISOPROPYLANILINE,135.20999999999998,-1.078,10,1,225
212,"N,N,4-TRIMETHYLANILINE",135.20999999999995,-0.750,10,1,211
213,P-CHLORONITROBENZENE,157.55599999999998,-1.660,10,1,242
214,2-(DIETHYLAMINO)-ETHANOL,117.192,0.146,8,4,163
215,ALPHA-BROMOTOLUENE,171.037,-0.347,8,1,201
216,4-VINYLCYCLOHEXENE,108.18399999999998,1.196,8,1,128
217,STYRENE,104.15199999999997,0.806,8,1,145
218,ALPHA-CHLOROTOLUENE,126.58599999999996,0.090,8,1,179
219,BENZONITRILE,103.12399999999997,-0.115,8,0,191.1
220,BENZYL ALCOHOL,108.13999999999997,-1.027,8,1,205.3
221,N-METHYLANILINE,107.15599999999999,-0.344,8,1,196.2
222,ANISOLE,108.13999999999997,0.549,8,1,153.7
223,M-METHYLSTYRENE,118.17899999999997,0.230,9,1,164
224,"2-PROPENAL, 2-METHYL-3-PHENYL-",146.18899999999996,-1.824,11,2,251.6
225,4-AMINODIPHENYLAMINE,184.242,-4.917,14,2,354
226,DICYCLOHEXYLAMINE,181.32299999999998,-1.471,13,2,255.8
227,DIPHENYL ETHER,170.21099999999998,-1.648,13,2,258
228,"DIPHENYLUREA, SYM",212.252,-5.123,16,2,262
229,"CARBONIC ACID, DIPHENYL ESTER",214.22000000000003,-3.824,16,2,306
230,TRIACETIN,218.20499999999996,-2.606,15,5,259
231,TRI N-BUTYLAMINE,185.355,-1.030,13,9,216.5
232,2-ETHYLHEXYLACETATE,172.26799999999997,-0.638,12,6,199
233,"CINNAMIC ACID, METHYL ESTER",162.188,-1.462,12,2,260.4
234,BIBENZYL,182.266,-2.138,14,3,284
235,STILBENE (TRANS),180.25,-3.055,14,2,307
236,AZOBENZENE,182.226,-3.442,14,2,293
237,BENZYL CINNAMATE,238.28600000000003,-5.000,18,4,350
238,N-PROPYLBENZENE,120.19499999999998,0.534,9,2,159.2
239,ETHOXYBENZENE,122.16699999999996,0.185,9,2,169.8
240,PHENYLACETIC ACID,136.14999999999998,-2.420,10,2,265.5
241,ACETANILIDE,135.16599999999997,-3.699,10,1,304
242,N-BUTYLBENZENE,134.22199999999998,0.025,10,3,183.3
243,CINNAMYL ALCOHOL,134.17799999999997,-1.620,10,2,250
244,2-ETHYLHEXYLAMINE,129.24699999999999,0.146,9,5,169
245,2-ETHYL-1-HEXANOL,130.23099999999997,-0.866,9,5,184.6
246,P-(CHLOROMETHYL)TOLUENE,140.613,-0.527,9,1,201
247,5-ETHYL-2-METHYLPYRIDINE,121.18299999999998,0.155,9,1,178.3
248,4-BROMOANISOLE,187.03599999999997,-0.693,9,1,215
249,2-METHYL-1-PENTANOL,102.17699999999999,0.283,7,3,149
250,METHYL ACETOACETATE,116.11599999999999,-0.050,8,2,171.7
251,ISOPROPYL CHLOROACETATE,136.57799999999997,0.613,8,2,150.5
252,DIETHYL MALONATE,160.16899999999998,-0.570,11,4,200
253,ETHYL CYANOACETATE,113.116,-1.411,8,2,210
254,N-METHYLDIETHANOLAMINE,119.16399999999999,-3.699,8,4,247
255,N-PROPYLBUTYRATE,130.18699999999998,0.775,9,4,143
256,DIBUTYL MALEATE,228.28799999999993,-3.206,16,8,281
257,"3,7-DIMETHYL-6-OCTEN-1-OL",156.269,-1.356,11,5,224.5
258,GERANIOL,154.253,-1.523,11,4,230
259,ETHYL HEPTANOATE,158.24099999999996,-0.167,11,6,187
260,BUTYRIC ANHYDRIDE,158.19699999999997,-0.548,11,4,200
261,N-PROPYLPROPIONATE,116.16,1.143,8,3,122.5
262,"1,4-DIBROMOBENZENE",235.90599999999998,-1.240,8,0,218.5
263,P-BROMOTOLUENE,171.03699999999998,0.061,8,0,184.3
264,P-BROMOPHENOL,173.009,-1.932,8,0,238
265,P-XYLENE,106.16799999999999,0.946,8,0,138.3
266,P-CHLOROTOLUENE,126.586,0.430,8,0,162.4
267,P-CRESOL,108.13999999999999,-0.959,8,0,201.9
268,4-METHYLBENZENETHIOL,124.20799999999998,-0.190,8,0,195
269,4-CHLOROPHENOL,128.558,-1.051,8,0,220
270,"2,5-DIMETHYLPIPERAZINE",114.19199999999998,0.423,8,0,164
271,ISOBUTYL ACRYLATE,128.17099999999996,0.907,9,3,132
272,DIMETHYL SUCCINATE,146.142,-0.387,10,3,196.4
273,METHYL HEXANOATE,130.18699999999998,0.571,9,4,149.5
274,DIETHLYLENE GLYCOL BIS CHLOROFORMATE,231.03099999999998,-2.830,13,6,229
275,"1,2-BUTYLENEOXIDE",72.107,2.255,5,1,63.3
276,"1-CHLORO-2,3-EPOXYPROPANE",92.525,1.215,5,1,116.11
277,"1,2-DIBROMOETHANE",187.862,1.049,4,1,131.6
278,N-BUTANE,58.123999999999995,3.260,4,1,-0.5
279,1-BUTYNE,54.092,3.149,4,0,8
280,1-BROMO-2-CHLOROETHANE,143.411,1.520,4,1,107
281,3-CHLOROPROPYLENE,76.526,2.566,4,1,45.1
282,"1,2-DICHLOROETHANE",98.96000000000001,1.897,4,1,83.5
283,1-IODOPROPANE,169.993,1.634,4,1,102.6
284,PROPYLAMINE,59.11199999999999,2.491,4,1,48.5
285,PROPIONITRILE,55.07999999999999,1.676,4,0,97.1
286,ACRYLONITRILE,53.06399999999999,2.037,4,0,77.3
287,"1,2-DIAMINOETHANE",60.09999999999999,1.079,4,1,117
288,ALLYL ALCOHOL,58.08,1.417,4,1,97
289,PROPARGYL ALCOHOL,56.064,1.193,4,0,113.6
290,CHLOROACETALDEHYDE,78.49799999999999,1.808,4,1,85.5
291,GLYOXAL,58.036,2.407,4,1,50.4
292,ALLYTRICHLOROSILANE,175.518,1.246,7,2,117.5
293,"2,4,4-TRIMETHYL-1-PENTENE",112.21599999999998,1.650,8,1,101.4
294,SARIN,140.094,0.456,8,2,147
295,OCTAMETHYLTRISILOXANE,236.53599999999997,0.524,13,4,153
296,TETRADECAMETHYLHEXASILOXANE,459.0010000000002,-1.532,25,10,245.5
297,2-BROMOPENTANE,151.047,1.328,6,2,117.4
298,1-BROMO-3-METHYLBUTANE,151.047,1.539,6,2,120.4
299,2-METHYLPENTANE,86.178,2.324,6,2,60.2
300,2-PENTANONE,86.13399999999999,1.549,6,2,102.2
301,BUTYRIC ACID,88.106,0.217,6,2,163.7
302,CROTONIC ACID,86.09,-0.595,6,1,184.7
303,CROTONIC ACID,86.08999999999999,-0.488,6,1,184.7
304,1-METHOXY-2-PROPANOL,90.12199999999999,1.097,6,2,119
305,"2,4-DIMETHYLPENTANE",100.20499999999998,1.900,7,2,80.4
306,DI-ISOPROPYL ETHER,102.17699999999999,2.173,7,2,68.5
307,ACETIC ANHYDRIDE,102.08899999999998,0.708,7,0,139.5
308,GAMMA-VALEROLACTONE,100.117,-0.413,7,0,207.5
309,SUCCINIC ANHYDRIDE,100.073,-2.824,7,0,261
310,MALEIC ANHYDRIDE,98.05699999999999,-0.602,7,0,202
311,PROPYLENE CARBONATE,102.08899999999998,-1.347,7,0,242
312,M-DIBROMOBENZENE,235.90599999999998,-0.570,8,0,218
313,3-METHYLBENZENETHIOL,124.20799999999998,-0.257,8,0,195
314,M-CHLOROTOLUENE,126.586,0.566,8,0,161.8
315,3-CHLOROANILINE,127.57399999999998,-1.180,8,0,230.5
316,M-TOLUIDINE,107.15599999999998,-0.519,8,0,203.3
317,"1,3-BENZENEDIAMINE",108.144,-2.680,8,0,285
318,"2,4-DIMETHYLPYRIDINE",107.15599999999998,0.501,8,0,158.5
319,GLUTARIC ANHYDRIDE,114.1,-2.523,8,0,287
320,"PROPANEDIOIC ACID, DIMETHYL ESTER",132.11499999999998,-0.046,9,2,181.4
321,ETHYL ISOVALERATE,130.18699999999998,0.919,9,3,135
322,"3,5-DIMETHYLPHENOL",122.16699999999999,-1.393,9,0,221.7
323,"1,3,5-TRICHLOROBENZENE",181.44899999999998,-0.620,9,0,208
324,"2,4,6-COLLIDINE",121.18299999999998,0.299,9,0,170.6
325,"2,6-DIMETHYL-4-HEPTANOL",144.25799999999995,-0.519,10,4,174.5
326,"2,6-DIMETHYL-4-HEPTANONE",142.242,0.217,10,4,169.4
327,1-METHYLCYCLOHEXANE,98.18900000000001,1.663,7,0,100.9
328,TOLUENE,92.14099999999999,1.453,7,0,110.6
329,4-METHYLPYRIDINE,93.12899999999999,0.761,7,0,145.3
330,CHLOROBENZENE,112.55899999999997,1.079,7,0,131.7
331,CYCLOHEXANAMINE,99.177,1.004,7,0,134
332,PHENOL,94.11299999999999,-0.456,7,0,181.8
333,THIOPHENOL,110.18099999999997,0.286,7,0,169.1
334,2-BROMOPYRIDINE,157.998,-0.114,7,0,194.8
335,2-METHYLPIPERIDINE,99.177,1.286,7,0,120
336,2-METHYLPYRIDINE,93.12899999999998,1.049,7,0,129.3
337,2-METHYLPYRAZINE,94.11699999999999,0.906,7,0,137
338,2-CHLOROPYRIDINE,113.547,0.338,7,0,170
339,DIBUTYL SEBACATE,314.46600000000007,-5.329,22,15,344.5
340,1-HEXEN-5-ONE,98.14499999999998,1.021,7,3,129.5
341,PENTANOIC ACID,102.133,-0.708,7,3,186.1
342,N-PROPYL ACETATE,102.13300000000001,1.555,7,2,101.5
343,"CARBONOCHLORIDIC ACID, PROPYL ESTER",122.551,1.301,7,2,115.2
344,1-BROMOBUTANE,137.02,1.623,5,2,101.3
345,N-PENTANE,72.151,2.711,5,2,36
346,2-PENTENE,70.135,2.723,5,1,37
347,N-BUTYLAMINE,73.139,1.968,5,2,78
348,BUTYRONITRILE,69.107,1.290,5,1,117.6
349,MALONONITRILE,66.063,-0.699,5,0,218.5
350,ETHYLENE CYANOHYDRIN,71.079,-1.096,5,1,221
351,2-(METHYLAMINO)ETHANOL,75.111,0.033,5,2,158
352,2-METHOXYETHANOL,76.095,0.978,5,2,124.1
353,DIETHYLAMINE,73.139,2.375,5,2,55.5
354,ETHYL VINYL ETHER,72.107,2.708,5,2,35.5
355,ETHYL FORMATE,74.07900000000001,2.389,5,2,54.4
356,PYRROLE,67.09100000000001,0.922,5,0,129.7
357,TETRAHYDROFURAN,72.107,2.210,5,0,65
358,TETRAHYDROTHIOPHENE,88.175,1.265,5,0,121
359,THIOPHENE,84.14299999999999,1.901,5,0,84
360,5-METHYL-2-HEXANONE,114.18799999999999,0.761,8,3,144
361,DIETHYL SEBACATE,258.3579999999999,-3.294,18,11,305
362,METHYL DECANOATE,186.29499999999996,-1.432,13,8,224
363,"1,4-DIBROMOBUTANE",215.916,-0.210,6,3,197
364,1-BROMOPENTANE,151.047,1.100,6,3,129.8
365,N-HEXANE,86.178,2.179,6,3,68.7
366,"1,4-DICHLOROBUTANE",127.01400000000001,0.616,6,3,161
367,N-PENTYLAMINE,87.16600000000001,1.477,6,3,104.3
368,VALERONITRILE,83.134,0.863,6,2,141.3
369,SUCCINONITRILE,80.09,-2.109,6,1,266
370,"1,4-BUTANEDIOL",90.122,-1.979,6,3,235
371,"2-BUTYNE-1,4-DIOL",86.08999999999999,-3.255,6,0,238
372,1-PENTANETHIOL,104.21799999999999,1.140,6,3,126.6
373,2-ETHOXYETHANOL,90.122,0.725,6,3,135
374,CYCLOHEXENE,82.146,1.949,6,0,82.9
375,"1,3,5-TRIOXANE",90.078,1.243,6,0,114.5
376,PIPERIDINE,85.15,1.507,6,0,106
377,MORPHOLINE,87.122,1.004,6,0,128
378,PENTANEDIOC ACID,132.11499999999998,-5.541,9,4,303
379,DIISOBUTYLAMINE,129.24699999999999,0.862,9,4,139.6
380,DIISOPROPANOLAMINE,133.191,-3.903,9,4,250
381,HEPTANOIC ACID,130.187,-1.971,9,5,222.2
382,ETHOXYETHYLACETATE,132.15900000000002,0.369,9,4,156.4
383,N-HEXYLAMINE,101.19300000000001,0.954,7,4,132.8
384,1-HEXANOL,102.17699999999999,-0.032,7,4,157.6
385,1-HEXANETHIOL,118.245,0.623,7,4,151
386,DIETHYLENETRIAMINE,103.16900000000003,-0.635,7,4,207
387,BIS(2-CHLOROETHYL) ETHER,143.013,0.190,7,4,178.5
388,"2,2'-THIOBISETHANOL",122.189,-2.491,7,4,282
389,HEPTYLAMINE,115.22000000000001,0.438,8,5,156
390,1-HEPTANOL,116.204,-0.666,8,5,176.4
391,HEPTANAL,114.18799999999999,0.547,8,5,152.8
392,2-BUTOXYETHANOL,118.176,-0.056,8,5,168.4
393,DIETHYLENE GLYCOL MONOMETHYL ETHER,120.14799999999998,-0.602,8,5,193
394,"CYCLOOCTA-1,5-DIENE",108.18399999999998,0.695,8,0,150.8
395,1-BROMOOCTANE,193.12799999999996,-0.418,9,6,200
396,N-OCTYLAMINE,129.247,-0.014,9,6,179.6
397,1-OCTANOL,130.23100000000002,-1.100,9,6,195.1
398,DIETHYLENE GLYCOL MONOETHYL ETHER,134.175,-0.900,9,6,196
399,BIS(2-CHLOROETHOXY)METHANE,173.039,-0.879,9,6,218
400,NONANOIC ACID,158.241,-2.783,11,7,254.5
401,UNDECANONE,170.296,-1.383,12,8,231.5
402,N-NONYLAMINE,143.274,-0.556,10,7,202.2
403,TRIETHYLENETETRAAMINE,146.238,-3.385,10,7,266.5
404,TRIETHYLENE GLYCOL,150.174,-2.879,10,7,285
405,1-BROMODECANE,221.18199999999993,-1.398,11,8,240.6
406,BIS (2-ETHOXY ETHYL)  ETHER,162.22899999999998,-0.283,11,8,188
407,UNDECANOIC ACID,186.29499999999996,-2.419,13,9,280
408,UNDECYLENIC ACID,184.27899999999997,-3.028,13,9,275
409,DODECANE,170.33999999999997,-0.870,12,9,216.3
410,1-UNDECANOL,172.31199999999998,-2.527,12,9,243
411,"2,5,8,11-TETRAOXADODECANE",178.22799999999998,-1.395,12,9,216
412,ETHOXYTRIETHYLENE GLYCOL,178.22799999999998,-2.000,12,9,255.8
413,1-CHLORODODECANE,204.78499999999997,-2.201,13,10,260
414,DODECANOL,186.33899999999997,-3.072,13,10,259
415,DODECYL MERCAPTAN,202.407,-2.069,13,10,274
416,DI-N-HEXYL ETHER,186.33899999999997,-1.336,13,10,223
417,METHYL STEARATE,298.51099999999997,-4.866,21,16,370
418,1-BROMO-N-TETRADECANE,277.29,-3.348,15,12,307
419,OLEIC ACID,282.46799999999996,-5.854,20,15,360
420,1-BROMOHEXADECANE,305.34399999999994,-4.314,17,14,336
421,EICOSANE,282.5559999999999,-5.335,20,17,343
422,PROPENE,42.080999999999996,3.939,3,0,-48
423,DIMETHYL ETHER,46.069,3.648,3,0,-24.8
424,TRIBROMOACETALDEHYDE,280.741,0.182,6,0,174
425,2-METHYL-3-BUTYN-2-OL,84.118,1.204,6,0,104
426,ETHYLTRICHLOROSILANE,163.50699999999998,1.674,6,1,100.5
427,PERFLUOROCYCLOBUTANE,200.02799999999996,3.371,12,0,-5.9
428,"1,3-PROPANEDIOL, 2-BUTYL-2-ETHYL-",160.25699999999998,-4.000,11,6,262
429,ISOPROPENYL METHYL ETHER,72.107,2.713,5,1,35
430,HEXAFLUOROPROPENE,150.021,3.690,9,0,-29.6
431,METHYL DICHLOROACETATE,142.969,0.653,7,1,142.9
432,BIS(2-ETHYLHEXYL)PHTHALATE,390.56400000000025,-6.848,28,14,384
433,HEXACHLOROBENZENE,284.784,-4.745,12,0,325
434,2-CHLOROBENZOIC ACID,156.56799999999998,-3.180,10,1,287
435,METHYL SALICYLATE,152.14899999999997,-1.465,11,1,222.9
436,BENZOIN,212.248,-5.658,16,3,344
437,BENZOPHENONE,182.222,-2.714,14,2,305.4
438,TETRALIN,132.206,-0.434,10,0,207.6
439,ISOQUINOLINE,129.16199999999998,-1.155,10,0,243.2
440,ANTHRACENE,178.23399999999998,-5.185,14,0,339.9
441,BENZYL BENZOATE,212.24800000000002,-3.650,16,3,323.5
442,DIMETHYLTEREPHTHALATE,194.18599999999995,-2.000,14,2,288
443,2-METHYLBENZOTHIAZOLE,149.218,-1.524,10,0,238
444,"2,4-DICHLOROPHENOL",163.00299999999996,-1.046,9,0,210
445,"N,N-DIMETHYLANILINE",121.18299999999995,-0.155,9,1,193.45
446,METHYL STYRYL KETONE,146.189,-1.907,11,2,261
447,HYDRAZOBENZENE,184.24200000000002,-3.361,14,3,309
448,PHENYLACETALDEHYDE,120.15099999999995,-0.407,9,2,195
449,3-PHENYLPROPANOL,136.194,-1.701,10,3,235
450,2-ANILINOETHANOL,137.182,-2.656,10,3,279.5
451,1-PHENYLTRIDECANE,260.465,-4.896,19,12,346
452,P-ETHYLPHENOL,122.16699999999999,-1.429,9,1,217.9
453,DI(N-PROPYL) KETONE,114.18799999999999,0.787,8,4,144
454,"PHENOL, 4-AMINO-",109.128,-4.398,8,0,284
455,HYDROQUINONE,110.11199999999998,-4.620,8,0,287
456,"3-METHYLENE-7-METHYL-1,6-OCTADIENE  (MYRCENE)",136.238,0.303,10,4,167
457,METHYLFORMAMIDE,59.068,-0.597,4,1,199.5
458,SUCCINIMIDE,99.089,-4.125,7,0,288
459,PROPIONIC ANHYDRIDE,130.14299999999997,0.134,9,2,170
460,PARALDEHYDE,132.159,1.041,9,0,124.3
461,BUTYRALDEHYDE,72.107,2.045,5,2,74.8
462,TRANS-CROTONALDEHYDE,70.09100000000001,1.477,5,1,102.2
463,PYRROLIDINE,71.123,1.797,5,0,86.5
464,LEVULINIC ACID,116.11599999999999,-2.951,8,3,245.5
465,ISOAMYL ACETATE,130.18699999999998,0.748,9,3,142.5
466,2-OCTANOL,130.231,-0.616,9,5,178.5
467,DIALLYLAMINE,97.161,1.305,7,4,111
468,HEXANEDIOIC ACID,146.142,-6.498,10,5,337.5
469,ETHYLENE BIS CHLOROFORMATE,186.978,-1.666,10,3,183
470,OCTANOIC ACID,144.214,-2.431,10,6,239
471,OCTANONITRILE,125.215,-0.409,9,5,205.2
472,N-DECANE,142.286,0.155,10,7,174.1
473,CARBON DIOXIDE,44.009,4.684,3,0,-78.48
474,DIMETHYLAMINE,45.085,3.182,3,0,6.8
475,"1,2-DIBROMOTETRAFLUOROETHANE",259.822,2.512,8,1,47.3
476,TRIBUTYLPHOSPHATE,266.3179999999999,-2.947,17,12,289
477,CHLOROPRENE,88.53699999999999,2.334,5,1,59.4
478,TETRACHLOROETHENE,165.834,1.267,6,0,121.3
479,"N,N'-DIMETHYLACETAMIDE",87.122,0.301,6,0,165
480,"2,6-DI-T-BUTYL-4-METHYLPHENOL (BHT)",220.35599999999994,-2.287,16,0,265
481,PYRENE,202.256,-5.347,16,0,404
482,DIMETHYL PHTHALATE,194.18599999999998,-2.511,14,2,283.7
483,DIBENZOFURAN,168.195,-2.606,13,0,287
484,METHYL ANTHRANILATE,151.165,-1.567,11,1,256
485,1-NAPHTHYLAMINE,143.18899999999996,-2.379,11,0,300.8
486,"DEET [N,N,-DIET-3-ME BENZAMIDE]",191.274,-2.699,14,3,290
487,BENZIL,210.232,-3.684,16,3,347
488,O-DIETHYLBENZENE,134.22199999999998,0.021,10,2,184
489,2-NAPHTHOL,144.173,-3.495,11,0,285
490,SEC-BUTYLBENZENE,134.222,0.243,10,2,173.5
491,BUTYL BENZOATE,178.23099999999997,-2.000,13,4,250.3
492,2-METHYLBENZENETHIOL,124.20799999999997,-0.192,8,0,195
493,LIMONENE,136.238,0.190,10,1,176
494,PHENYLACETONITRILE,117.15099999999995,-1.049,9,1,233.5
495,2-METHYL-5-VINYLPYRIDINE,119.16699999999997,0.072,9,1,181
496,DIETHYL MALEATE,172.17999999999998,-0.979,12,4,223
497,BUTYL ACRYLATE,128.171,0.736,9,4,145
498,ETHANOLAMINE,61.083999999999996,-0.394,4,1,171
499,T-OCTYL MERCAPTAN,146.29899999999998,0.716,9,1,160
500,DECAMETHYLTETRASILOXANE,310.69100000000003,-0.426,17,6,194
501,ETHYL ACETATE,88.10600000000001,1.969,6,1,77.1
502,MESITYL OXIDE,98.145,0.914,7,1,130
503,M-DIETHYLBENZENE,134.22199999999998,0.053,10,2,181.1
504,ACETOACETIC ESTER,130.14299999999997,-0.108,9,3,180.8
505,"1,3-DICHLOROPROPANE",112.98700000000001,1.260,5,2,120.9
506,HEXANOIC ACID,116.15999999999998,-1.362,8,4,205.2
507,N-HEXYL ACETATE,144.214,0.121,10,5,171.5
508,DI-N-BUTYL ETHER,130.231,0.779,9,6,140.8
509,1-NONANOL,144.258,-1.644,10,7,213.3
510,1-DECANETHIOL,174.353,-1.435,11,8,240.6
511,1-BROMO-N-DODECANE,249.236,-2.406,13,10,276
512,N-HEXADECYLAMINE,241.4629999999999,-3.876,17,14,322.5
513,"2,2,4-TRIMETHYL-1,3-PENTANEDIOL",146.23,-2.347,10,3,232
514,8-QUINOLINOL,145.161,-2.780,11,0,267
515,DICHLOROMETHYLPHENYLSILANE,191.13300000000004,-0.312,10,1,206.5
516,M-METHOXYPHENOL,124.13899999999998,-1.708,9,1,244
517,HALOTHANE,197.381,2.480,7,0,50.2
518,"1,2-DICHLOROETHENE (CIS)",96.94400000000002,2.301,4,0,60.1
519,"1,2-DICHLOROETHENE (TRANS)",96.94400000000002,2.520,4,0,48.7
520,"TRICYCLO(4.1.0.2,4)HEPTANE",94.157,1.573,7,0,105
521,FLUORANTHENE,202.256,-5.035,16,0,384
522,BENZO(K)FLUORANTHENE,252.316,-9.015,20,0,480
523,ACENAPHTHYLENE,152.19599999999997,-2.175,12,0,280
524,"1,2,3,4-DIBENZANTHRACENE",278.35400000000004,-10.000,22,0,524
525,TRIPHENYLENE,228.294,-7.678,18,0,425
526,PHENANTHRIDINE,179.22199999999998,-4.682,14,0,349
527,BENZO(H)QUINOLINE,179.22199999999998,-3.662,14,0,339
528,11H-BENZO(A)FLUORENE,216.28300000000002,-6.614,17,0,405
529,BENZOFURAN,118.13499999999996,-0.357,9,0,174
530,"1,4-DIAZABICYCLO(2,2,2)OCTANE  (DABCO)",112.17600000000002,-0.130,8,0,174
531,BICYCLO(4.1.0)HEPTANE,96.173,1.358,7,0,116.5
532,CYCLOBUTANE,56.108,3.072,4,0,12.6
533,THIACYCLOBUTANE,74.148,1.722,4,0,95
534,CYCLOPENTANE,70.135,2.502,5,0,49.3
535,OXAZOLE,69.06299999999999,2.121,5,0,69.5
536,THIAZOLE,85.13099999999999,1.236,5,0,118
537,PYRAZINE,80.08999999999997,1.033,6,0,115
538,CYCLOOCTANE,112.21600000000001,0.741,8,0,149
539,CYCLODECANE,140.27,-0.252,10,0,202
540,"1,1,1-TRIFLUORO-2,2-DICHLOROETHANE",152.93,2.856,7,0,27
541,ALPHA-HEXACHLOROCYCLOHEXANE,290.832,-4.347,12,0,288
542,"2,4-DICHLORO(TRIFLUOROMETHYL)BENZENE",215.00099999999998,0.045,12,0,177.52
543,"1,2,4,5-TETRAFLUOROBENZENE",150.07399999999998,1.754,10,0,90.2
544,DECANOIC ACID,172.268,-3.437,12,8,268.7
545,1-FLUORODECANE,160.27599999999998,-0.203,11,8,186.2
546,BROMOPENTAFLUOROBENZENE,246.95999999999998,0.903,12,0,137
547,CHLOROPENTAFLUOROBENZENE,202.509,1.250,12,0,117.9
548,BENZYL FLUORIDE,110.13099999999997,0.832,8,1,140
549,P-FLUOROTOLUENE,110.131,1.322,8,0,116.6
550,BROMOCHLORODIFLUOROMETHANE,165.36399999999998,3.316,5,0,-3.7
551,"ETHANE, 1,2-DICHLORO-1,1,2-TRIFLUORO-",152.93,2.792,7,1,29.5
552,PERFLUOROETHANESULFONIC ACID,200.084,-0.051,11,1,178
553,DECAFLUOROBUTANE,238.02399999999997,3.303,14,1,-1.9
554,PERFLUORO-N-HEXANE,338.03799999999995,2.338,20,3,56.6
555,PERFLUOROCYCLOHEXANE,300.0419999999999,2.233,18,0,50.6
556,PENTAFLUOROBENZENE,168.06399999999996,1.830,11,0,85.7
557,M-DIFLUOROBENZENE,114.094,1.918,8,0,82.6
558,"1,3,5-TRIFLUOROBENZENE",132.08399999999997,2.017,9,0,75.5
559,1-FLUOROHEXANE,104.168,1.762,7,4,91.5
560,"1,1,1-TRIFLUORO-2-PROPANOL",114.06600000000002,1.785,7,0,75.5
561,"1,1-DICHLORO-1,2,2,2-TETRAFLUOROETHANE",170.92,3.215,8,0,4
562,"2,2,3,3,4,4,-HEPTAFLUOROBUTANOL",200.05299999999997,1.520,12,2,95
563,"HEPTANOIC ACID, TRIDECAFLUORO-",364.05699999999996,-0.876,22,5,177
564,HEXAFLUOROBENZENE,186.05399999999997,1.927,12,0,80.2
565,CF3-CH2-O-CF2-CF2H,200.05299999999997,2.328,12,3,56.2
566,TRIFLUOROACETIC ANHYDRIDE,210.029,1.615,13,0,39.5
567,CYANIC ACID,43.025,2.910,3,0,23
568,PENTAFLUORO-1-PROPANOL,150.04600000000002,1.664,9,1,82
569,FLUOROACETONE,76.07,1.802,5,1,77
570,"2,3-BUTANEDIONE",86.09,1.754,6,1,88
571,OCTAFLUOROTOLUENE,236.06099999999992,1.462,15,0,104.5
572,DIACETYLENE,50.06000000000001,3.121,4,0,10.3
573,1-FLUOROPROPANE,62.08699999999999,3.303,4,1,2.5
574,HFC-245FA,134.047,3.053,8,1,40
575,"ETHANE, 1,1-DIFLUORO-2-METHOXY-",96.076,2.477,6,2,48.5
576,TRIDECAN-7-ONE,198.34999999999994,-2.175,14,10,261
577,AMYL NITRITE,117.14800000000001,0.599,8,5,104.5
578,"2,2,3-TRIMETHYLBUTANE",100.20499999999998,2.009,7,0,80.8
579,"(1R,4R)-(+)-CAMPHOR",152.237,-1.143,11,0,207.4
580,"1,4-CINEOL",154.253,0.286,11,1,173.5
581,"1,2,3,4-TETRAMETHYLBENZENE",134.22199999999998,-0.442,10,0,205
582,4-METHYLQUINOLINE,143.189,-2.196,11,0,262
583,CIS-BICYCLO[4.4.0]DECANE,138.254,-0.105,10,0,195.8
584,TRANS-BICYCLO[4.4.0]DECANE,138.254,0.086,10,0,187.3
585,"3,4-DIAMINOTOLUENE",122.17099999999999,-3.201,9,0,265
586,BICYCLO[2.2.1]-2-HEPTENE,94.157,1.593,7,0,96
587,BETA-PHENYLPROPIONIC ACID,150.177,-2.573,11,3,279.8
588,BENZYL CHLOROCARBONATE,170.59500000000003,-2.506,11,2,152
589,DIPHENYLACETYLENE,178.23399999999998,-2.642,14,0,300
590,CYCLOHEPTANONE,112.172,0.097,8,0,178.5
591,E-CAPROLACTONE,114.144,-0.870,8,0,215
592,CYCLOOCTANONE,126.19900000000001,-0.389,9,0,196
593,5-NONANONE,142.242,-0.258,10,6,188.4
594,2-BUTYNE,54.092,2.849,4,0,26.9
595,AZETIDINE,57.096,2.250,4,0,63
596,TRIMETHYLENEOXIDE,58.08,2.511,4,0,47.6
597,(Z)-2-BUTENOIC ACID (ISOCROTONIC ACID),86.09,-0.231,6,1,169
598,ISOVALERIC ACID,102.133,-0.357,7,2,176.5
599,"1,3-PROPANEDIOL",76.095,-1.356,5,2,214.4
600,"1,4-DITHIANE",120.242,-0.097,6,0,199.5
601,SUBERIC ACID,174.196,-6.541,12,7,345.5
602,ACETYL IODIDE,169.949,1.511,4,0,108
603,2-BROMO-2-METHYLPROPANE,137.02,2.130,5,0,73.3
604,BORNEOL,154.253,-1.299,11,0,210
605,TETRANITROMETHANE,196.03099999999998,0.925,13,4,126.1
606,"ETHYL 1,1,2,2-TETRAFLUOROETHYL ETHER",146.083,2.338,9,3,57.5
607,"2,3-DIBROMO-1-PROPENE",199.873,0.880,5,1,141
608,ISOBUTYL CHLORIDE,92.569,2.176,5,1,68.5
609,1-IODO-2-METHYLPROPANE,184.01999999999998,1.196,5,1,121.1
610,2-IODOBUTANE,184.01999999999998,1.233,5,1,120
611,"2,3-DIMETHYL-1,3-BUTADIENE",82.14599999999999,2.182,6,1,68.8
612,"2,3-BUTANEDIOL",90.122,-0.614,6,1,182
613,ETHYL TRICHLOROACETATE,191.441,0.581,9,1,167.5
614,TRIPHENYLMETHANE,244.33700000000002,-5.253,19,3,359
615,DEHYDROACETIC ACID,168.148,-2.903,12,1,270
616,"1,2,3-TRIMETHYLBENZENE",120.19499999999998,0.228,9,0,176.1
617,"2,3-DIMETHYLPHENOL",122.16699999999996,-1.051,9,0,216.9
618,"1,2,3,5-TETRAMETHYLBENZENE",134.22199999999998,-0.303,10,0,198
619,"2,4,6-TRIMETHYLPHENOL",136.19399999999996,-1.759,10,0,220
620,1-METHYL-2-ISOPROPYLBENZENE,134.22199999999998,0.176,10,1,178.1
621,O-DINITROBENZENE,168.10799999999998,-4.342,12,2,318
622,2-METHYLBENZONITRILE,117.15099999999998,-0.349,9,0,205
623,"1,1-DIPHENYLETHYLENE",180.24999999999997,-1.883,14,2,277
624,INDALONE,226.27199999999993,-3.523,16,4,263
625,"1,3-DICHLOROACETONE",126.97,-0.202,6,2,173.4
626,2-METHYLFURAN,82.10199999999999,2.193,6,0,65
627,"4,6-DINITRO-O-CRESOL",198.13399999999996,-3.921,14,2,378
628,ETHYL DICHLOROACETATE,156.99599999999998,0.456,8,2,155
629,M-CYMENE,134.22199999999998,0.236,10,1,175.1
630,ETHYNYL BENZENE,102.13599999999998,0.314,8,0,143
631,4-ETHYLPYRIDINE,107.15599999999998,0.356,8,1,168.3
632,PENTYLBENZENE,148.24899999999997,-0.358,11,4,205.4
633,BENZYL METHYL ETHER,122.16699999999994,0.220,9,2,170
634,ISOBUTYLBENZENE,134.22199999999998,0.286,10,2,172.7
635,BENZYL ETHYL ETHER,136.194,-0.034,10,3,186
636,ETHYL VALERATE,130.18699999999998,0.681,9,4,146.1
637,ETHYL LEVULINATE,144.17,-0.682,10,4,205.8
638,2-METHYLPROPYL PROPANOATE,130.18699999999998,0.811,9,3,137
639,1-CHLOROPROPANE,78.542,2.538,4,1,46.5
640,ETHYL METHYL ETHER,60.096000000000004,3.173,4,1,7.4
641,"2,2,4-TRIMETHYLPENTANE",114.23199999999997,1.693,8,1,99.2
642,DODECAMETHYLCYCLOHEXASILOXANE,444.93000000000023,-1.648,24,0,245
643,HEXADECAMETHYLHEPTASILOXANE,533.1560000000002,-2.496,29,12,270
644,DECAMETHYLCYCLOPENTASILOXANE,370.77500000000015,-0.699,20,0,210
645,HEXAMETHYLCYCLOTRISILOXANE,222.46499999999997,0.548,12,0,134
646,DICHLORO(2-CHLOROVINYL)ARSINE (TRANS),207.31900000000002,-0.237,6,1,190
647,"1,1-DICHLOROBUTANE",127.014,1.358,6,2,113.8
648,BUTYRAMIDE,87.12199999999999,-2.408,6,2,216
649,ETHYL CHLOROCARBONATE,108.524,1.350,6,1,95
650,"2,4-DIMETHYLTHIAZOLE",113.185,0.706,7,0,146
651,3-DICHLOROBENZENE,147.004,0.332,8,0,173
652,CHLOROACETIC ANHYDRIDE,170.979,-1.429,9,2,203
653,CHLOROCYCLOHEXANE,118.60700000000001,0.828,7,0,142
654,N-BUTYL IODIDE,184.01999999999998,1.143,5,2,130.6
655,"1,3-DICHLOROPROPENE (ISOMER MIX)",110.971,1.531,5,1,112
656,ETHYL ISOTHIOCYANATE,87.14699999999999,1.057,5,1,131.5
657,BIS(CHLOROMETHYL) ETHER,114.959,1.468,5,2,106
658,"CARBONOCHLORIDIC ACID, 2-METHYLPROPYL ESTER",136.57799999999997,0.922,8,2,128.8
659,1-CHLOROPENTANE,106.596,1.517,6,3,107.8
660,DIISOPENTYL ETHER,158.285,0.146,11,6,172.5
661,1-CHLOROHEXANE,120.623,0.972,7,4,135
662,PENTANEDINITRILE,94.117,-2.084,7,2,286
663,DI-N-BUTYL SULFIDE,146.29899999999998,0.079,9,6,185
664,TETRADECANOIC ACID,228.37599999999992,-5.854,16,12,326.2
665,N-HEXADECANE,226.44799999999992,-2.845,16,13,286.8
666,TRICHLOROACETONITRILE,144.388,1.870,6,0,85.7
667,METHYL ISOBUTYRATE,102.133,1.693,7,1,92.5
668,"1,2,3,4-TETRAFLUOROBENZENE",150.07399999999998,1.695,10,0,94.3
669,TRIMELLITIC ANHYDRIDE,192.12599999999998,-5.006,14,1,390
670,DIPHENYL METHYLAMINE,183.25400000000002,-2.507,14,2,293.5
671,METHYL OXALATE,118.088,0.057,8,0,163.5
672,METHYL PROPIONATE,88.106,1.924,6,1,79.8
673,2-METHYLTHIOPHENE,98.16999999999997,1.396,6,0,112.6
674,BETA-PHELLANDRENE,136.23799999999997,0.201,10,1,171.5
675,METHYL THIOCYANATE,73.12,1.083,4,0,132.9
676,OCTAMETHYLTETRASILOXANE,296.62000000000006,0.021,16,0,175.8
677,HEXADECAMETHYLCYCLOOCTASILOXANE,593.2400000000001,-2.539,32,0,290
678,PROPYL ISOVALERATE,144.21399999999997,0.413,10,4,155.9
679,METHYL PROPYL ETHER,74.12299999999999,2.667,5,2,39.1
680,2-IODOOCTANE,240.12799999999993,0.137,9,5,210
681,"1,1-DIBROMOETHANE",187.862,1.408,4,0,108
682,2-CHLOROPROPENE,76.52600000000001,2.913,4,0,22.6
683,CARBON TETRABROMIDE,331.62699999999995,-0.569,5,0,189.5
684,"3,3-DIMETHYL-1-BUTENE",84.16199999999999,2.634,6,0,41.2
685,"2,3,3-TRIMETHYLPENTANE",114.23199999999999,1.431,8,2,114.8
686,"2,3,3-TRIMETHYL-1-PENTENE",112.21599999999998,1.480,8,2,108.3
687,"3,3-DIMETHYLPENTANE",100.20499999999998,1.918,7,2,86
688,BROMONITROMETHANE,139.93599999999998,0.491,5,1,149
689,"2,3-DIMETHYL-1-BUTENE",84.16199999999999,2.401,6,1,55.6
690,"2,3-DIMETHYL-2-BUTENE",84.16199999999999,2.100,6,0,73.3
691,3-METHYL-2-BUTANONE,86.134,1.718,6,1,94.3
692,"2,2,3-TRIMETHYLPENTANE",114.23199999999999,1.507,8,1,110
693,"2,3-DIMETHYLPENTANE",100.20499999999998,1.838,7,2,89.7
694,3-METHYLPENTAN-2-ONE,100.16099999999999,1.064,7,2,118
695,"2,3,4-TRIMETHYLPENTANE",114.23199999999997,1.433,8,2,113.5
696,"2,3,4-TRIMETHYL-2-PENTENE",112.21599999999998,1.352,8,1,116.5
697,"2,4-DIMETHYL-3-PENTANONE",114.18799999999997,1.127,8,2,125.4
698,"1,8-DIMETHYLNAPHTHALENE",156.22799999999998,-2.320,12,0,270
699,"1,5-DIMETHYLNAPHTHALENE",156.22799999999998,-2.301,12,0,265
700,"1,2-DIMETHYLNAPHTHALENE",156.22799999999998,-1.896,12,0,266.5
701,"1,3-DIMETHYLNAPTHALENE",156.22799999999998,-1.635,12,0,263
702,"1,6-DIMETHYLNAPHTHALENE",156.22799999999998,-1.836,12,0,264
703,"2,3-DICHLOROPHENOL",163.00300000000001,-1.237,9,0,206
704,"1,2-DIISOPROPYLBENZENE",162.27599999999998,-0.441,12,2,204
705,"2,3-DIMETHYLNAPHTHALENE",156.228,-2.959,12,0,268
706,"2,6-DIMETHYLNAPHTHALENE",156.22799999999998,-2.367,12,0,262
707,"1,2-DIMETHYLCYCLOHEXANE",112.216,1.161,8,0,124
708,3-PENTANOL,88.14999999999999,0.943,6,2,116.2
709,"1,2-BUTANEDIOL",90.12199999999999,-1.300,6,2,194
710,"2,3-DIMETHYLHEXANE",114.23199999999999,1.369,8,3,115.6
711,"PHENOL, 3-(1,1-DIMETHYLETHYL)-",150.22099999999998,-1.697,11,0,240
712,3-BROMO-1-NITROBENZENE,202.007,-1.155,10,1,256
713,P-ETHYLANILINE,121.18299999999999,-0.845,9,1,217.5
714,3-METHYLHEXANE,100.20499999999998,1.789,7,3,91
715,"2,4-DIMETHYLHEXANE",114.23199999999999,1.483,8,3,109.5
716,4-HEPTANOL,116.20399999999998,-0.005,8,4,156
717,ISOBUTYL ISOVALERATE,158.24099999999996,0.265,11,4,168.5
718,3-METHYLHEPTANE,114.23199999999999,1.292,8,4,118
719,"1,4-DIMETHYLCYCLOHEXANE",112.216,1.253,8,0,120
720,"2,5-DIMETHYLPYRIDINE",107.15599999999998,0.526,8,0,157
721,3-OCTANOL,130.23099999999997,-0.592,9,5,171
722,CIS-2-BUTENE,56.108000000000004,3.204,4,0,3.7
723,1-CHLOROPROPENE,76.52600000000001,2.705,4,0,35.5
724,"2,2-DIMETHYLPENTANE",100.20499999999998,2.021,7,1,79.2
725,2-METHYL-2-PENTANOL,102.17699999999998,0.934,7,2,121.1
726,"1,1-DIMETHYL CYCLOHEXANE",112.21600000000001,1.356,8,0,119.6
727,"1,3-DIMETHYLCYCLOHEXANE",112.216,1.330,8,0,122.5
728,"3,5-DIMETHYLPYRIDINE",107.156,0.241,8,0,172
729,3-METHYL-1-CYCLOHEXENE,96.173,1.540,7,0,103
730,2-METHYLHEXANE,100.20499999999998,1.820,7,3,90
731,2-HEXANONE,100.16099999999999,1.064,7,3,127.6
732,"1,2-PENTADIENE",68.119,2.566,5,1,44.9
733,2-METHYLHEPTANE,114.232,1.316,8,4,117.6
734,"CARBONOCHLORIDIC ACID, BUTYL ESTER",136.578,0.816,8,3,142
735,1-HEXENE,84.16199999999999,2.265,6,3,63.4
736,"1,5-HEXADIENE",82.14599999999999,2.344,6,3,59.4
737,2-HEXENE,84.162,2.176,6,2,68
738,"1,3-CYCLOHEXADIENE",80.13,1.988,6,0,80.5
739,1-HEPTENE,98.189,1.773,7,4,93.6
740,DIALLYL SULFIDE,114.21300000000001,0.965,7,4,138.6
741,4-OCTENE,112.216,1.250,8,4,129
742,2-TRIDECANONE,198.34999999999997,-1.983,14,10,263
743,OCTADECANE,254.50199999999992,-3.467,18,15,316.3
744,FLUOROMETHANE,34.033,3.455,2,0,-78.4
745,CHLOROFLUOROMETHANE,68.47800000000001,3.389,3,0,-9.1
746,1-BROMO-1-CHLOROETHANE,143.411,1.930,4,0,83
747,METHYLCYCLOPROPANE,56.108000000000004,3.199,4,0,0.7
748,"2,3,3-TRIMETHYL-1-BUTENE",98.189,2.049,7,0,77.9
749,"2,3-DIMETHYL-2-BUTANOL",102.17699999999998,0.505,7,1,118.4
750,A-HYDROXY-I-BUTYRIC ACID,104.10499999999999,-2.058,7,1,212
751,2-METHYL-2-NITROPROPANE,103.121,1.079,7,0,127.16
752,"2,2,3,3-TETRAMETHYLBUTANE",114.23199999999999,1.320,8,0,106.4
753,"2,2-DIMETHYL BUTYRIC ACID",116.16,-0.830,8,2,186
754,"3-METHYL-1,2-BUTADIENE",68.119,2.629,5,0,40.83
755,METHYLCYCLOBUTANE,70.135,3.170,5,0,36.3
756,"1,1,2-TRICHLOROPROPANE",147.432,0.491,6,1,132
757,"1,2-DICHLORO-1,2-DIFLUOROETHYLENE",132.924,2.949,6,0,21.1
758,"PHENOL, 4-(1-METHYL-1-PHENYLETHYL)-",212.292,-4.226,16,2,335
759,ETHYL ALPHA-BROMOISOBUTYRATE,195.05599999999998,0.417,9,2,163
760,2-NITROBUTANE,103.121,0.892,7,2,139.5
761,9-PHENYLANTHRACENE,254.33200000000002,-7.301,20,1,417
762,TRIPHENYLARSINE,306.24000000000007,-4.305,19,3,360
763,PENTACHLOROBENZENE,250.339,-2.996,11,0,277
764,2-METHYL-3-ETHYLPENTANE,114.23199999999999,1.380,8,3,115.6
765,8-METHYLQUINOLINE,143.189,-1.602,11,0,247.5
766,7-METHYLQUINOLINE,143.18900000000002,-2.054,11,0,257.6
767,"NAPHTHALENE, 2-PHENYL-",204.272,-4.456,16,1,345.5
768,O-IODOTOLUENE,218.03699999999998,-0.344,8,0,211.5
769,3-CHLOROPENTANE,106.596,1.670,6,2,97.5
770,"1,2-DICHLOROBUTANE",127.014,1.320,6,2,124.1
771,"CARBONIC ACID, DIMETHYL ESTER",90.078,1.744,6,0,90.5
772,3-METHYLTHIOPHENE,98.17000000000002,1.346,6,0,115.5
773,PYRROLIDONE,85.106,-2.023,6,0,245
774,2-METHYL-3-HEXANOL,116.20399999999998,0.130,8,3,141
775,ISOPROPYL ISOBUTYRATE,130.18699999999998,1.204,9,2,120.7
776,3-ETHYLPENTANE,100.205,1.763,7,3,93.5
777,"N,N-DIETHYLFORMAMIDE",101.14899999999999,0.083,7,3,177.5
778,BENZOYL BROMIDE,185.01999999999998,-0.654,9,1,218.5
779,M-ISOPROPYLPHENOL,136.19399999999996,-1.158,10,1,228
780,M-CHLOROBENZOYLCHLORIDE,175.01399999999998,-0.854,10,1,225
781,"3,5-DINITROTOLUENE",182.135,-3.393,13,2,315
782,3-ETHYLHEXANE,114.23199999999999,1.301,8,4,118.6
783,"BENZYLACETOACETIC ACID, ETHYL ESTER",220.26799999999994,-2.907,16,5,276
784,CINNAMIC ACID,148.16099999999997,-4.301,11,2,300
785,ETHYLENE GLYCOL MONOBENZYL ETHER,152.19299999999998,-1.699,11,4,256
786,BENZYLISOTHIOCYANATE,149.218,-1.815,10,2,243
787,P-METHYLSTYRENE,118.17899999999997,0.258,9,1,172.8
788,3-HEXANOL,102.17699999999998,0.682,7,3,134.75
789,ETHYL IODOACETATE,214.00199999999998,-0.195,7,2,179
790,DIAZOACETIC ESTER,114.10399999999998,0.447,8,2,145
791,METHYL MALEATE,144.12599999999998,-0.523,10,2,202
792,AMYL PROPIONATE,144.214,0.556,10,5,168.6
793,"1,2-DIFLUOROETHANE",66.05,2.790,4,1,30.7
794,"3,3-DIMETHYL-1-BUTANOL",102.17699999999998,0.389,7,1,143
795,DIACETONAMINE,115.17599999999999,-0.699,8,2,180
796,2-METHYL-2-HEXANOL,116.20400000000001,0.316,8,3,143
797,METHYL ISOBUTYL ETHER,88.14999999999999,2.324,6,2,58.6
798,METHOXYACETIC ACID,90.078,-0.839,6,2,203.5
799,ISOPROPYL FORMATE,88.10600000000001,2.140,6,2,68.2
800,ISONITROBUTANE,103.12099999999998,0.838,7,2,140.5
801,"2,4-DIMETHYL-3-THIAPENTANE",118.245,1.283,7,2,120.1
802,"2,5-DIMETHYLPYRROLE",95.14499999999998,-0.094,7,0,171
803,"1,3,5-TRIBROMOBENZENE",314.80199999999996,-2.824,9,0,271
804,3-BROMOPYRIDINE,157.998,0.243,7,0,173
805,N-METHYLPIPERIDINE,99.17699999999999,1.288,7,0,107
806,1-NITROBUTANE,103.12100000000001,0.579,7,3,153
807,O-PROPYLCARBAMATE,103.12100000000001,-1.257,7,2,196
808,1-PROPYLNITRATE,105.09299999999999,1.371,7,3,110
809,1-PENTYNE,68.11899999999999,2.639,5,1,40.1
810,CIS-2-PENTENE,70.135,2.695,5,1,36.9
811,2-PENTYNE,68.11899999999999,2.373,5,0,56.1
812,5-METHYL-2-HEXANOL,116.204,0.307,8,3,151
813,2-METHYL-2-HEPTENE,112.21599999999998,1.250,8,3,122.6
814,2-CHLOROOCTANE,148.677,0.137,9,5,172
815,1-HEPTYNE,96.17299999999999,1.720,7,3,99.7
816,HEXANENITRILE,97.161,0.455,7,3,163.6
817,"1,5-DICHLOROPENTANE",141.041,0.053,7,4,179
818,ETHYLENE GLYCOL DINITRATE,152.06199999999998,-1.143,10,5,198.5
819,"1,6-HEXANEDIOL",118.176,-3.301,8,5,250
820,"4,5-DITHIAOCTANE",150.31199999999998,-0.291,8,5,193.5
821,"1,3,5,7-CYCLOOCTATETRAENE",104.15199999999997,0.892,8,0,140.5
822,1-IODOOCTANE,240.128,-0.602,9,6,225.5
823,TETRADECANE,198.39399999999995,-1.936,14,11,253.5
824,N-PENTADECANE,212.42099999999994,-2.465,15,12,270.6
825,1-BROMOPENTADECANE,291.31699999999995,-3.830,16,13,322
826,1-HEXADECENE,224.43199999999993,-2.578,16,13,284.9
827,HEPTADECANE,240.47499999999994,-3.642,17,14,302
828,NONADECANE,268.52899999999994,-4.310,19,16,329.9
829,HENEICOSANE,296.58299999999997,-4.059,21,18,356.5
830,1-EICOSANOL,298.555,-7.345,21,18,372
831,PENTACOSANE,352.69100000000014,-5.821,25,22,401.9
832,HEXACOSANE,366.7180000000002,-6.329,26,23,412.2
833,OCTACOSANE,394.7720000000003,-8.796,28,25,431.6
834,HENTRIACONTANE,436.8530000000004,-10.854,31,28,458
835,"1,1,1,2-TETRACHLOROETHANE",167.85,1.079,6,0,130.5
836,"1,2,3,4-TETRACHLOROBENZENE",215.894,-1.409,10,0,254
837,"BENZENE, 1,2,4,5-TETRAKIS(1-METHYLETHYL)-",246.438,-2.699,18,4,259
838,ISOPROPYL PROPIONATE,116.16,1.352,8,2,109.5
839,4-CHLOROIODOBENZENE,238.45499999999998,-1.230,8,0,227
840,ETHYL T-BUTYL ETHER,102.17699999999999,2.093,7,1,73.1
841,2-IODOPENTANE,198.04699999999997,1.041,6,2,150
842,"2,5-DIMETHYLTHIOPHENE",112.19699999999997,0.994,7,0,136.5
843,"1,3-DIMETHYLCYCLOHEXANE (CIS)",112.216,1.332,8,0,120.1
844,TRICOSANE,324.63700000000006,-4.759,23,20,380
845,O-PROPYLPHENOL,136.194,-1.046,10,2,220
846,2-ETHYL-2-HEXENAL,126.199,0.107,9,4,195
847,ISOAMYL ISOVALERATE,172.26799999999997,-0.053,12,5,190.4
848,TRANS-4-METHYL-2-PENTENE,84.16199999999999,2.348,6,1,58.6
849,DELTA-VALEROLACTAM,99.13299999999998,-2.359,7,0,256
850,"3,3,3-TRIFLUORO-1-PROPENE",96.051,3.642,6,0,-17
851,HFC-245 (PENTAFLUOROPROPANE),134.04700000000003,2.878,8,2,26
852,HEXAMETHYLPHOSPHORAMIDE,179.20399999999998,-1.337,11,3,232.5
853,DIETHYL METHYLPHOSPHONATE,152.13,-1.876,9,4,194
854,HEXAFLUORO-2-PROPANONE,166.01999999999998,3.348,10,0,-27.4
855,1-BUTEN-3-YNE,52.076,3.130,4,0,5.1
856,"4,4-DIMETHYL-2-PENTENE (TRANS)",98.189,2.045,7,0,76.7
857,4-METHYL-1-PENTENE,84.16199999999999,2.435,6,2,53.9
858,4-METHYL-2-PENTENE (CIS),84.16199999999999,2.387,6,1,56.3
859,1-HEXYNE,82.14599999999999,2.124,6,2,71.3
860,2-CHLOROETHYL ETHYL SULFIDE,124.636,0.531,6,3,156.5
861,2-DECANONE,156.269,-0.570,11,7,210
862,ISOPROPYLCYCLOHEXANE,126.24300000000001,0.681,9,1,154.8
863,"2,3,5-TRIMETHYLPHENOL",136.19399999999996,-2.420,10,0,230.5
864,PROPANIL,218.08299999999997,-6.042,13,2,351
865,"2,4,6-TRI(TERT-BUTYL)PHENOL",262.43699999999995,-3.180,19,0,278
866,"PHOSPHONIC ACID, METHYL-, DIMETHYL ESTER",124.076,-0.017,7,2,181
867,2-ETHYL-1-BUTENE,84.16199999999999,2.243,6,2,64.7
868,DIETHYL PHOSPHITE,138.103,1.049,8,4,138
869,2-METHYL-1-PENTENE,84.16199999999999,2.290,6,2,62.1
870,3-METHYL-3-BUTEN-1-OL,86.13399999999999,0.550,6,2,132
871,"ETHENE, 1,1'-(OXYBIS(2,1-ETHANEDIYLOXY))BIS-",158.19699999999997,-1.638,11,8,198.5
872,1-BROMO-N-TRIDECANE,263.2629999999999,-2.866,14,11,296
873,O-CHLOROANISOLE,142.585,-0.623,9,1,198.5
874,"SILANE, DIMETHYL PHENYL",136.26999999999998,0.565,9,1,156.5
875,PENTAFLUOROPHENOL,184.063,0.464,12,0,145.6
876,"1,1,1,2-TETRAFLUOROETHANE",102.03000000000002,3.698,6,0,-26
877,3-ETHYL-2-PENTENE,98.18899999999998,1.723,7,2,96
878,DIETHYL GLUTARATE,188.22299999999996,-0.793,13,6,236.5
879,"1,2-DIMETHYLCYCLOPENTANE (TRANS)",98.18900000000001,1.806,7,0,91.9
880,"2,6-DIAMINOTOLUENE",122.17099999999998,-2.609,9,0,260
881,PHENYL CYCLOHEXANE,160.26000000000002,-1.399,12,1,240.1
882,AMETRYNE,227.337,-5.562,15,5,345
883,DIMETHYL PHOSPHITE,110.04899999999999,0.655,6,2,170.5
884,ALLYL MERCAPTAN,74.148,2.719,4,1,65
885,2-METHYLNONANE,142.286,0.276,10,6,167.1
886,1-DECENE,140.27,0.223,10,7,170.5
887,3-BROMOTHIOPHENE,163.039,1.220,6,0,150
888,N-METHYLPYRROLIDONE,99.133,-0.462,7,0,202
889,2-ETHYLTHIOPHENE,112.19699999999997,1.049,7,1,134
890,"1,3-DIMETHYL-4-ETHYLBENZENE",134.22199999999995,-0.069,10,1,188.4
891,2-CHLORO-2-METHYLPROPANE,92.569,2.487,5,0,50
892,ETHYL(TERT-AMYL) ETHER,116.204,1.699,8,3,102
893,"1,1,1,3,3,3-HEXAFLUOROPROPAN-2-OL",168.03599999999997,2.201,10,0,59
894,"2,3,4-TRIMETHYLHEXANE",128.25899999999996,0.955,9,3,139.1
895,BUTYL NITRATE,119.11999999999999,0.919,8,4,133
896,"1,2-DIMETHYL-3-ETHYLBENZENE",134.22199999999998,-0.206,10,1,194
897,"1,3-DIMETHYL-5-ETHYLBENZENE",134.22199999999998,0.013,10,1,183.6
898,"4-ETHYL-1,2-DIMETHYLBENZENE",134.22199999999998,-0.126,10,1,189.5
899,ALPHA-NAPHTHYL METHYL KETONE,170.211,-3.407,13,1,297
900,BENZYL PHENYL ETHER,184.238,-2.201,14,3,286.5
901,METHYL-T-AMYL ETHER,102.17699999999999,1.876,7,2,86.3
902,HEXAMETHYLDISILIZANE,161.397,1.140,9,2,125
903,1-CHLORODECANE,176.73099999999997,-2.007,11,8,223.4
904,"2,4-DIMETHYLSULFOLANE",148.227,-2.116,9,0,281
905,3-METHYL-3-ETHYLPENTANE,114.23199999999999,1.362,8,3,118.2
906,"3,3-DIETHYLPENTANE",128.259,0.863,9,4,146.3
907,"2,4-DIMETHYL-3-ETHYLPENTANE",128.25899999999996,1.004,9,3,136.7
908,"2,3,5-TRIMETHYLHEXANE",128.259,1.068,9,3,131.4
909,"2,2,4,4-TETRAMETHYLPENTANE",128.25899999999996,1.301,9,0,122.2
910,"2,2-DIMETHYLHEPTANE",128.259,1.033,9,3,132.7
911,"2,2,5,5-TETRAMETHYLHEXANE",142.28599999999997,0.942,10,1,137.4
912,P-CHLOROSTYRENE,138.59699999999998,-0.088,9,1,192
913,1-METHYL-3-PROPYLBENZENE,134.22199999999995,0.425,10,2,182
914,1-METHYL-4-PROPYLBENZENE,134.22199999999995,0.041,10,2,183.4
915,N-HEXYLBENZENE,162.276,-0.917,12,5,226.1
916,N-NONYLBENZENE,204.35699999999994,-2.243,15,8,280.5
917,"PENTANEDIOIC ACID, DIMETHYL ESTER",160.169,-0.745,11,4,214
918,N-UNDECANE,156.313,-0.385,11,8,195.9
919,1-ETHYLNAPHTHALENE,156.22799999999998,-1.599,12,1,258.6
920,"2,2,3,4-TETRAMETHYLPENTANE",128.259,1.100,9,1,133
921,CYCLOBUTANONE,70.09100000000001,1.633,5,0,99
922,METHYLENE CYCLOHEXANE,96.173,1.604,7,0,102.5
923,"2,4-DIMETHYLQUINOLINE",157.216,-2.100,12,0,265
924,GALAXOLIDE,258.4049999999999,-3.264,19,0,325
925,TOLUENE DIISOCYANATE (MIXTURE OF ISOMERS),174.15899999999996,-1.870,13,2,251
926,N-HEXADECYLBENZENE,302.54599999999994,-5.449,22,15,385
927,1-PHENYLTETRADECANE,274.49199999999996,-4.623,20,13,359
928,"1,4-DICHLORO-2-BUTENE(CIS)",124.99799999999999,0.612,6,2,152.5
929,TRIFLUOROMETHANESULFONIC ACID,150.07699999999997,-1.000,8,0,166
930,TRIMETHYLACETIC ANHYDRIDE,186.25099999999998,-0.357,13,0,193
931,3-METHYL-2-THIABUTANE,90.191,1.903,5,1,84.8
932,2-METHYL-4-CHLOROPHENOL,142.58499999999998,-1.620,9,0,223
933,2-METHYL-4-CHLOROPHENOL,142.58499999999998,-1.620,9,0,195.5
934,TETRAHYDRO-2H-THIOPYRAN,102.202,0.895,6,0,141.8
935,2-ETHYL-1-HEXENE,112.216,1.294,8,4,120
936,METHYL T-BUTYL ETHER,88.14999999999999,2.398,6,0,55.2
937,"1,1-DIMETHYLCYCLOPENTANE",98.18900000000001,1.882,7,0,87.5
938,ETHYLCYCLOPENTANE,98.18900000000001,1.600,7,1,103.5
939,"1,2-DICHLORO-1,1-DIFLUOROETHANE",134.94,2.531,6,1,46.8
940,N-PROPYLCYCLOHEXANE,126.24300000000001,0.622,9,2,156.7
941,ISOBUTYLCYCLOHEXANE,140.26999999999998,0.684,10,2,171.3
942,CYCLOPENTANETHIOL,102.20200000000001,1.057,6,0,132.1
943,ALPHA-PINENE OXIDE,152.237,-0.087,11,0,185
944,"2,5-DIHYDROFURAN",70.091,2.199,5,0,66.5
945,ISOPROPYL NITRATE,105.09299999999999,1.533,7,2,100
946,"1,1-DICHLOROFLUOROETHANE",116.95,2.778,5,0,32
947,"2-ETHYL-1,4-DIMETHYLBENZENE",134.22199999999995,-0.027,10,1,186.9
948,"1,3-DIMETHYLCYCLOPENTANE (TRANS)",98.189,1.818,7,0,91.7
949,N-DECYLCYCLOHEXANE,224.43199999999993,-2.987,16,9,299
950,"1,1,1,2,2-PENTAFLUOROPROPANE",134.04700000000003,3.543,8,0,-17.4
951,ETHOXYTRIMETHYLSILANE,118.25199999999998,2.061,7,2,76
952,2-METHYL-1-BUTANETHIOL,104.218,1.301,6,2,116.5
953,PHENYL CHLOROFORMATE,156.56799999999998,-0.249,10,1,185
954,"DIFLUOROMETHYL 2,2,2-TRIFLUOROETHYL ETHER",150.046,2.810,9,2,29.3
955,PERCHLOROPROPYLENE,248.751,-0.613,9,0,209.5
956,CHLOROTHALONIL,265.914,-6.244,14,0,350
957,1-TETRADECANAMINE,213.40899999999996,-3.011,15,12,291.2
958,2-ISOPROPYLNAPHTHALENE,170.255,-2.286,13,1,268.2
959,4-BROMOSTYRENE,183.048,-0.108,9,1,212
960,"1,3-DIETHYL-5-METHYLBENZENE",148.24899999999997,0.000,11,2,205
961,"3,3'-DICHLOROBIPHENYL",223.102,-3.188,14,1,320
962,DIPENTYLAMINE,157.30100000000002,-0.815,11,8,202.5
963,3-CHLOROBIPHENYL,188.65699999999998,-2.134,13,1,284.5
964,4-CHLOROBIPHENYL,188.657,-1.979,13,1,292.9
965,1-PHENYLPENTADECANE,288.51899999999995,-5.143,21,14,373
966,2-CHLOROBENZOTRICHLORIDE,229.92100000000002,-1.298,11,0,264.3
967,"1,3-PROPANEDIOL, 2-METHYL-",90.12199999999999,-1.678,6,2,195
968,"1,2-DIMETHYLCYCLOHEXANE (CIS)",112.216,1.161,8,0,129.8
969,N-PROPYL METHACRYLATE,128.171,0.805,9,3,141
970,"2,4-DIMETHYL-1-PENTENE",98.189,1.975,7,2,81.6
971,3-METHYLOCTANE,128.259,0.796,9,5,144.2
972,4-METHYLOCTANE,128.259,0.834,9,5,142.4
973,MENTHOL (L),156.26899999999995,-1.196,11,1,212
974,PEROXYACETYLNITRATE,121.04799999999999,1.465,8,2,106
975,PROPYL BENZOATE,164.20399999999995,-0.866,12,3,211
976,METHYL THIOGLYCOLATE,106.146,0.477,6,1,148
977,1-FLUOROBUTANE,76.114,2.762,5,2,32.5
978,"1,2,3,5-TETRAFLUOROBENZENE",150.07399999999998,1.865,10,0,84.4
979,2-(TERT-BUTYL)-4-METHYLPHENOL,164.24799999999996,-1.602,12,0,237
980,"2,3,6-TRIMETHYLPHENOL",136.194,-1.460,10,0,226
981,N-TERT-BUTYLFORMAMIDE,101.14899999999999,-0.569,7,1,202
982,GLYCIDYL N-BUTYL ETHER,130.18699999999998,0.505,9,5,165
983,LAURONITRILE,181.32299999999998,-2.627,13,9,277
984,"4,4'-DICHLORODIPHENYL ETHER",239.10099999999997,-3.305,15,2,313
985,1-CHLORONONANE,162.704,-0.573,10,7,203.5
986,TRIMETHOXY SILANE,122.19599999999998,1.881,7,3,81
987,"1,4-DICHLORO-2,5-DIMETHOXYBENZENE",207.05599999999998,-2.523,12,2,268
988,2-METHYL-2-HEXENE,98.189,1.732,7,2,95.4
989,ETHYLENE GLYCOL MONOPROPYL ETHER,104.149,0.494,7,4,149.8
990,2-OCTYNE,110.19999999999999,0.875,8,3,137.6
991,"1-CHLORO-1,2,2,2-TETRAFLUOROETHANE",136.475,3.461,7,0,-12
992,"1,3-DIMETHYL-2-ETHYLBENZENE",134.22199999999998,-0.131,10,1,190
993,GLUTARYL CHLORIDE,169.00699999999998,-0.932,9,4,217
994,N-NONYLCYCLOHEXANE,210.40499999999994,-2.606,15,8,282
995,1-OCTADECANETHIOL,286.56899999999985,-6.398,19,16,360
996,ALLYL CHLOROCARBONATE,120.535,1.301,7,2,109.5
997,"1,1,3-TRIMETHYLCYCLOHEXANE",126.243,1.033,9,0,136.6
998,TERT-BUTYLCYCLOHEXANE,140.26999999999998,0.367,10,0,171.5
999,2-BUTYLPHENOL,150.22099999999998,-1.987,11,3,235
1000,2-METHYLOCTANE,128.259,0.793,9,5,143.2
1001,"1,2,3,4,6,7,8,9-OCTACHLORODIBENZO-P-DIOXIN",459.754,-12.084,22,0,510
1002,2-BROMOHEXANE,165.07399999999998,0.860,7,3,144
1003,1-CHLOROOCTADECANE,288.947,-4.767,19,16,348
1004,3-METHYL-1-HEXENE,98.189,1.916,7,3,83.9
1005,"2,3-DIMETHYL-1-PENTENE",98.189,1.909,7,2,84.3
1006,2-IODOTHIOPHENE,210.03900000000002,0.906,6,0,181
1007,1-EICOSENE,280.53999999999996,-4.975,20,17,341
1008,1-NONYNE,124.22699999999999,0.797,9,5,150.8
1009,1-BROMOHEPTADECANE,319.3710000000001,-4.738,18,15,349
1010,"2,2,5-TRIMETHYLHEXANE",128.25899999999996,1.220,9,2,124
1011,DIETHYLHYDROXYLAMINE,89.13799999999999,0.526,6,2,133
1012,ISOMESITYL OXIDE,98.145,1.179,7,2,124.2
1013,4-METHYL-1-HEXENE,98.189,1.866,7,3,86.7
1014,ISOPROPYLCYCLOPENTANE,112.21600000000001,1.210,8,1,126.5
1015,N-PROPYLMETHYLSULFIDE,90.191,1.706,5,2,95.6
1016,"PROPANOIC ACID, 2,2-DIMETHYL-, ETHYL ESTER",130.18699999999998,1.250,9,1,118.4
1017,PYROTATARIC ANHYDRIDE,114.09999999999998,-1.510,8,0,239
1018,ETHYLPROPYLSULFIDE,104.218,1.274,6,3,118.6
1019,ANETHOLE (TRANS),148.20499999999996,-1.152,11,2,234
1020,1-IODOHEPTANE,226.101,-0.351,8,5,204
1021,1-CYCLOHEXYLHEXANE,168.32399999999998,-0.943,12,5,224
1022,ETHYL CHLOROGLYOXYLATE,136.534,0.881,8,2,137
1023,2-BROMO-2-BUTENE,135.004,1.905,5,1,104.5
1024,1-(4-METHYLPHENYL)-1-PROPANONE,148.20499999999996,-1.028,11,2,236
1025,"2,3-BUTANEDIOL (MESO)",90.122,-0.420,6,1,183.5
1026,"2,3-DIBROMOBUTANE",215.91599999999997,0.580,6,1,161
1027,"HEXANAL, 3,5,5-TRIMETHYL-",142.242,-1.097,10,3,173
1028,3-METHYLCYCLOHEXANOL (CIS),114.18799999999999,-0.275,8,0,168
1029,D-LIMONENE,136.238,0.297,10,1,176
1030,(-)-1-METHYL-4-(1-METHYLETHENYL)CYCLOHEXENE,136.238,0.158,10,1,176
1031,2-PENTANOL,88.15,0.786,6,2,119.3
1032,2-METHYL-1-HEXENE,98.189,1.785,7,3,92
1033,"2-BUTENE-1,4-DIOL (CIS)",88.10599999999998,-2.185,6,2,235
1034,DI (TERT-BUTYL) ETHER,130.23099999999997,1.513,9,0,107.2
1035,2-HEPTENE (CIS),98.18899999999998,1.686,7,3,98.4
1036,3-CHLORODIPHENYL ETHER,204.656,-2.425,14,2,338
1037,(R)-(-)-CARVONE,150.221,-0.987,11,1,228.5
1038,1-PHENYLUNDECANE,232.4109999999999,-3.616,17,10,316
1039,SEC-BUTYL METHYL ETHER,88.14999999999999,2.318,6,2,65
1040,2-METHYLDECANE,156.313,-0.220,11,7,189.3
1041,"DL-2,3-BUTANDIOL",90.122,-0.740,6,1,182.5
1042,4-CHLOROPHENYL PHENYL ETHER,204.656,-2.569,14,2,284.5
1043,S-BUTYLCYCLOHEXANE,140.26999999999998,0.371,10,2,179.3
1044,"2,3-DIMETHYL-2-HEXENE",112.21599999999998,1.262,8,2,121.8
1045,"2,2,3,3-TETRAMETHYLPENTANE",128.259,0.975,9,1,140.2
1046,DIMETHYLMALONONITRILE,94.11699999999999,0.161,7,0,169.5
1047,2-METHYLCYCLOHEXANOL (TRANS),114.188,0.079,8,0,167.4
1048,3-METHYLCYCLOHEXANOL (TRANS),114.18799999999999,-0.241,8,0,167
1049,2-METHYLCYCLOHEXANOL (CIS),114.18799999999999,0.161,8,0,165
1050,M-ETHYLSTYRENE,132.20599999999996,-0.095,10,2,190
1051,2-HEXENE (Z),84.162,2.176,6,2,68.8
1052,4-METHYLCYCLOHEXANOL (TRANS),114.18799999999999,-0.410,8,0,174
1053,"1,3-DICHLOROPROPENE (TRANS)",110.97099999999999,1.531,5,1,112
1054,"1,1,2,3-TETRACHLOROPROPENE",179.86100000000002,0.428,7,1,167
1055,"2,3-DIMETHYL-2-PENTENE",98.189,1.701,7,1,97.5
1056,BENZOTHIOPHENE,134.203,-0.622,9,0,221.5
1057,2-BROMO-2-BUTENE (CIS),135.004,1.755,5,0,95
1058,1-PENTADECENE,210.40499999999997,-2.343,15,12,268.2
1059,"2,2,3,3-TETRAMETHYLHEXANE",142.286,0.590,10,2,160.3
1060,SEC-BUTYLAMINE,73.139,2.250,5,1,62.5
1061,2-HEPTENE (TRANS),98.189,1.689,7,3,98
1062,4-OCTENE (TRANS),112.216,1.250,8,4,122.3
1063,DIALLYL CARBONATE,142.15399999999997,-0.991,10,4,142
1064,"1,1,2,3,3-PENTACHLOROPROPANE",216.322,-0.028,8,2,199
1065,"1(TRANS), 2(CIS), 3-TRIMETHYLCYCLOPENTANE",112.21600000000001,1.505,8,0,117.5
1066,DL-MENTHYL ACETATE,198.30599999999998,-0.983,14,2,227
1067,BICYCLO(4.1.0)HEPT-3-ENE,94.15699999999998,1.360,7,0,125
1068,"2,2,3-TRIMETHYLHEXANE",128.259,1.057,9,2,133.6
1069,"2,2,4-TRIMETHYLHEXANE",128.259,1.201,9,2,126.5
1070,"2,3,3-TRIMETHYLHEXANE",128.259,0.993,9,3,137.7
1071,"3,3,4-TRIMETHYLHEXANE",128.259,0.948,9,3,140.5
1072,"2,3,3,4-TETRAMETHYLPENTANE",128.25899999999996,0.946,9,2,141.5
1073,"BUTANEDINITRILE, ETHYL-",108.144,-1.721,8,2,264
1074,1-ISOBUTOXY-2-PROPANOL,132.20299999999997,0.114,9,4,165
1075,"3,4-DIMETHYL-2-PENTENE",98.189,1.830,7,1,89
1076,TERT-NONANETHIOL,160.32599999999996,-0.274,10,5,188
1077,CHF2-O-CH(CF3)CF3,218.04299999999995,2.588,13,2,42.1
1078,S-AMYLBENZENE,148.24899999999997,-0.210,11,3,200
1079,1-BROMO-1-BUTENE,135.004,1.885,5,1,99
1080,DIPROPYLENE GLYCOL METHYL ETHER,148.202,-0.260,10,6,188.3
1081,1-HEXADECANOL,242.44699999999992,-5.222,17,14,334
1082,PENDIMETHALIN,281.31199999999995,-4.523,20,6,330
1083,TRICYCLAZOLE,189.243,-6.699,13,0,275
1084,OXYFLUORFEN,361.703,-6.699,24,5,358.2
1085,DIMETHACHLOR,255.74499999999995,-4.947,17,5,320
1086,VX,267.375,-3.155,16,8,298
1087,FLURPRIMIDOL,312.29099999999994,-6.439,22,4,264
1088,4-NONYLPHENYL DIPHENYL PHOSPATE,452.53100000000006,-7.721,32,14,471
1089,"1-(DIFLUOROMETHOXY)-1,1,2-TRIFLUOROETHANE",150.046,2.568,9,3,43
1090,CLOMAZONE,239.70200000000003,-3.842,16,2,275
1091,HALFENPROX,477.345,-8.234,30,9,291
1092,CGA 245704,210.283,-5.481,13,1,267
